index	audio	video	response
1	0_00001.wav	0_00001.mp4	혼인신고는 가까운 구청에서 하시면 됩니다.
2	0_00002.wav	0_00002.mp4	혼인신고를 늦게 하여도 과태료는 없습니다.
3	0_00003.wav	0_00003.mp4	지방세는 위택스 앱 다운받으셔서 납부 하시면 됩니다.
4	0_00004.wav	0_00004.mp4	신혼부부를 위해 대출금리가 삼점 오 퍼센트정도인 신혼부부 보금자리론이 있습니다.
5	0_00005.wav	0_00005.mp4	아트센터를 대관하기 위해서는 공연계획서를 준비하여 홈페이지에서 온라인 신청이나 방문신청 가능합니다.
6	0_00006.wav	0_00006.mp4	경기도는 출산 지원금으로 백만원, 산후조리원비로 오십만원을 지원합니다.
7	0_00007.wav	0_00007.mp4	정부이십사에서 신청할 수 있는 다함께 돌봄사업이 있습니다.
8	0_00008.wav	0_00008.mp4	다함께 돌봄 신청서와 맞벌이 증빙서류가 필요합니다.
9	0_00009.wav	0_00009.mp4	지자체에서 지원하는 귀농 농업창업, 주택 지원사업이 있습니다.
10	0_00010.wav	0_00010.mp4	난임부부 수술비용이 최대 오회까지 이십만원씩 지원됩니다.
11	0_00011.wav	0_00011.mp4	에너지 취약계층의 여름과 겨울을 지원하는 제도입니다.
12	0_00012.wav	0_00012.mp4	에너지바우처는 행정복지센터에 방문하여 신청하시면 됩니다.
13	0_00013.wav	0_00013.mp4	주민등록증 재발급 하시려면 주민센터를 방문하시거나 인터넷으로 재발급 신청 하시면 됩니다.
14	0_00014.wav	0_00014.mp4	주민등록증 재발급은 인터넷으로 정부이십사를 검색하고 홈페이지를 클릭하시면 됩니다.
15	0_00015.wav	0_00015.mp4	사진은 제이피쥐 사진만 가능하고 모자 미착용 사진으로 올려주시면 됩니다. 수령은 해당 기관으로 방문하여 주세요.
16	0_00016.wav	0_00016.mp4	주민등록증 재발급 민원수수료는 오천원이고 온라인으로 처리시 부가수수료가 추가되어 오천 이백원입니다.
17	0_00017.wav	0_00017.mp4	청년 임차보증금 이자 지원사업은 만 십구세에서 만 삼십구세까지의 청년에게 임차보증금의 구십 퍼센트이내로 최대 칠천만원까지 대출해 드립니다.
18	0_00018.wav	0_00018.mp4	사대 불법주정차 금지구역은 소화전 오 미터 이내,교차로 모퉁이 오 미터 이내,버스정류장 십 미터 이내,횡단보도 위입니다.
19	0_00019.wav	0_00019.mp4	사대 불법 주정차를 목격한 사람이라면 누구나 안전신문고 앱을 통해 신고가 가능합니다.
20	0_00020.wav	0_00020.mp4	보건증은 보건소에서 발급을 하나 현재 코로나 일구때문에 보건증 업무를 한국건강관리협회나 기타 보건기관에 위탁하기도 합니다.
21	0_00021.wav	0_00021.mp4	보건증 발급 방법은 가까운 보건소에 방문하셔서 건강진단 결과를 작성하고 수수료를 지불합니다.
22	0_00022.wav	0_00022.mp4	보건증을 발급받을 때는 주민등록증,운전면허증,여권 등의 신분증을 제시하시면 됩니다.
23	0_00023.wav	0_00023.mp4	보건증 발급 수수료는 삼천원입니다.
24	0_00024.wav	0_00024.mp4	보건증을 대리수령 하려면 대리인 수령 위임장이 필요합니다.
25	0_00025.wav	0_00025.mp4	보건증은 보건소홈페이지,공공보건포털,정부이십사 홈페이지에서 온라인으로 발급가능합니다.
26	0_00026.wav	0_00026.mp4	보건증 유효기간은 발급일로부터 일년이며 매년 한번씩 건강진단을 받으셔야 합니다.
27	0_00027.wav	0_00027.mp4	여성안심택배는 스마트서울맵을 이용하거나 네이버지도에서 여성안심택배함을 검색하시고 주변 택배함 위치를 확인하시면 됩니다
28	0_00028.wav	0_00028.mp4	여성안심택배는 서울시가 이천 십삼년부터 전국 최초로 도입해 운영하고 있습니다
29	0_00029.wav	0_00029.mp4	여성안심택배는 일반적으로 사람들의 왕래가 잦은 지하철역,버스정류장 주변,주민센터,문화센터등에 설치되어있습니다
30	0_00030.wav	0_00030.mp4	인감보호 신청은 본인의 인감을 보호해달라는 특별한 의사의 표시로 본인 또는 본인이 지정한 사람만 본인의 인감증명서를 발급받을 수 있도록 사전에 제한을 요청하는 것입니다
31	0_00031.wav	0_00031.mp4	인감보호 신청은 전국 인감증명서 발급기관에서 신분증만 있으면 주소 상관없이 신청 가능합니다
32	0_00032.wav	0_00032.mp4	인감증명서는 온라인 발급이 불가능하고 본인이나 대리인이 직접 동사무소에 방문하셔서 발급받으셔야 합니다
33	0_00033.wav	0_00033.mp4	인감증명서를 대리인이 발급받으려면 동사무소에 대리인 신분증,인감주인 신분증,도장을 준비해서 가시면 됩니다
34	0_00034.wav	0_00034.mp4	인감 대리신고를 하려면 입원확인서 및 의사 진단서가 필요합니다. 진단서에는 병이 중하여 시설이나 병원 밖으로 거동해서는 안된다는 내용과 거동은 불편하나 정상적인 의사 표현이 가능하다는 내용이 반드시 들어가야 합니다
35	0_00035.wav	0_00035.mp4	보건소는 아홉시부터 십팔시 까지 운영합니다
36	0_00036.wav	0_00036.mp4	니코틴 패치는 담배에 대한 욕구를 억제하고 담배를 피우는 습관을 없애는 데 도움을 준다고 합니다
37	0_00037.wav	0_00037.mp4	경복궁 야간 특별관람과 별빛야행 프로그램이 있습니다
38	0_00038.wav	0_00038.mp4	문화누리카드는 기초생활 수급자와 차상위계층이 신청할 수 있습니다
39	0_00039.wav	0_00039.mp4	문화누리카드는 국민의 기초 문화생활을 보장하기 위해 만들어진 카드입니다
40	0_00040.wav	0_00040.mp4	문화누리카드는 문화예술,여행,체육 쪽에서 사용할 수 있습니다
41	0_00041.wav	0_00041.mp4	문화누리카드의 지원 금액은 연간 일인당 팔만원의 예산 범위내에서 신청자에 한해 발급하고 있습니다
42	0_00042.wav	0_00042.mp4	문화누리카드 신청방법은 방문발급과 인터넷 발급법이 있습니다. 방문발급은 신청자 본인의 주소지 주민센터에서 방문 후 신청하는 것이고, 인터넷 발급은 문화누리 홈페이지 접속하여 신청하는 것 입니다.
43	0_00043.wav	0_00043.mp4	문화누리카드 사용 방법은 문화누리 홈페이지에서 오프라인 가맹점 또는 온라인 가맹점을 클릭하면 사용처에 대한 정보가 나와있습니다
44	0_00044.wav	0_00044.mp4	아닙니다 문화누리카드의 남은 금액은 사업 종료일이 지나면 자동으로 소멸됩니다
45	0_00045.wav	0_00045.mp4	문화누리카드는 발급한 본인이 사용해야 하며 마트,백화점 내 서점, 지정된 가맹점이 아닌 온라인 사이트 등에서는 사용이 불가합니다
46	0_00046.wav	0_00046.mp4	결식아동 급식지원 신청은 지원받을 대상 아동의 관할 소재지 주민센터에 가셔서 지원기준에 적합한지 상담을 받고 신청 할 수 있습니다
47	0_00047.wav	0_00047.mp4	결식아동 급식지원의 지원연령은 십팔세 미만의 취학 및 미취학 아동입니다
48	0_00048.wav	0_00048.mp4	학교를 다니지 않는 십팔세 미만의 아동도 결식아동 급식지원을 지원받을 수 있습니다
49	0_00049.wav	0_00049.mp4	결식아동 급식지원은 관할 구청 가족정책과로 문의하시면 됩니다
50	0_00050.wav	0_00050.mp4	세대 분리 신청은 관할 주민센터나 온라인으로는 민원 이십사에서 신청 할 수 있습니다
51	0_00051.wav	0_00051.mp4	미세먼지 비상저감조치는 미세먼지기준이 환경부령이 정한 일정기준 초과하였을 경우 노후 경유차의 운행을 제한하는 제도입니다
52	0_00052.wav	0_00052.mp4	미세먼지 비상저감조치 대상차는 배출가스 오등급으로 분류된 모든 자동차가 해당됩니다
53	0_00053.wav	0_00053.mp4	배출가스 오등급차가 운행 할 수 없는 지역은 한양도성내부 입니다
54	0_00054.wav	0_00054.mp4	서울시의 녹색교통지역은 종로구의 청운 효자동, 사직동, 삼청동, 가화동, 종로, 이화동, 혜화동과 중구의 소공동, 회현동, 명동, 필동, 장충동, 광희동, 을지로동이 해당됩니다
55	0_00055.wav	0_00055.mp4	노후 경유차 운행제한에 걸리지 않으려면 자동차에 매연저감장치를 설치하고, 저공해엔진개조나 조기폐차하는 방법이 있습니다.
56	0_00056.wav	0_00056.mp4	노후 경유차를 폐차하였을 시 정부에서 배기량에 따라 삼백만원에서 최대 사천만원까지 지원금을 지급해 주는 제도가 있습니다.
57	0_00057.wav	0_00057.mp4	공동체주택은 소규모 공동주택 안에 독립된 공동체 공간을 갖추고 있고, 공동체 주택 관리 규칙이 마련된 주택입니다
58	0_00058.wav	0_00058.mp4	공동체주택의 종류는 공급방식에 따라 자기소유형 주택,민관협력형 주택,민간임대형 주택,공공임대형 주택으로 네가지가 있습니다
59	0_00059.wav	0_00059.mp4	희망두배 청년통장은 이년에서 삼년 매월 근로소득으로 저축하는 금액의 동일한 금액을 서울시 예산과 시민의 후원금등으로 적립지원하는 통장입니다
60	0_00060.wav	0_00060.mp4	희망두배 청년통장의 신청자격은 공고일 기준으로 근로중인 서울시 거주자입니다
61	0_00061.wav	0_00061.mp4	돌봄 에스오에스센터는 본인 또는 가족의 돌봄과 관련하여 궁금증과 어려움을 가진 서울시민을 대상으로 합니다
62	0_00062.wav	0_00062.mp4	돌봄 에스오에스센터 이용 방법은 구청 복지정책과,동주민센터에 전화나 방문을 통해 서비스를 신청 할 수 있습니다
63	0_00063.wav	0_00063.mp4	돌봄 에스오에스센터는 돌봄과 관련된 다양한 어려움에 도움을 드리고자 하며 특히 갑작스러운 일시적 위기의 상황에 대응한 서비스제공에 초점을 두고 있습니다
64	0_00064.wav	0_00064.mp4	돌봄 에스오에스센터 서비스는 돌봄매니저가 긴급출동 또는 방문확인을 통해 돌봄과 관련된 어려움을 직접 파악한 후 적합한 돌봄계획을 수립하고 자치구와 협약된 전문제공기관에서 서비스를 제공합니다
65	0_00065.wav	0_00065.mp4	서울형 긴급복지 지원제도는 갑작스러운 위기 사유의 발생으로 생계유지가 곤란한 저소득 위기가구에 대히 생계비 등을 신속하게 제공하여 안정적 생활을 유지하도록 지원하는 제도입니다
66	0_00066.wav	0_00066.mp4	긴급복지 지원제도의 갑자스러운 위기사유는 주소득자의 사망,가출,행방불명등의 사유로 소득을 상실한 경우,중한 질병 또는 부상을 당한 경우, 가구구성원으로부터 방임,유기되거나 학대 등을 당한 경우,화재등으로 인하여 거주하는 주택 또는 건물에서 생활하기 곤란하게 된 경우등등이 있습니다
67	0_00067.wav	0_00067.mp4	긴급복지 지원제도의 긴급복지지원 선정기준은 코로나일구와 관련하여 한시적으로 기준이 완화되어 소득기준 중위소득 백퍼센트이하,재산기준 삼억 이천 육백만원이하,금융재산기준 천만원이하입니다
68	0_00068.wav	0_00068.mp4	긴급복지 지원제도는 거주지 구청이나 동주민센터에서 신청 가능합니다
69	0_00069.wav	0_00069.mp4	긴급복지 지원제도에 대해서는 동주민센터,구청,다산콜센터로 전화 주시면 자세히 안내해 드립니다
70	0_00070.wav	0_00070.mp4	노숙인 복지시설에는 종합지원센터,일시보호시설,자활시설,재활시설,요양시설,쪽방상담소 등이 있습니다
71	0_00071.wav	0_00071.mp4	서울에는 다시서기,브릿지,영등포보현 등 세개의 종합지원센터와 만나샘,옹달샘,햇살보금자리,디딤센터 등 네개의 일시보호시설이 있습니다
72	0_00072.wav	0_00072.mp4	노숙인 복지시설에서는 일시적인 숙식 제공,의료지원,샤워,이미용 서비스를 제공합니다
73	0_00073.wav	0_00073.mp4	의료급여는 노숙인 일시보호시설,자활시설 입소자중 노숙인 해당기간이 지속적으로 삼개월 이상 유지된 것으로 확인된 사람과 국민건강보험에 가입되어 있지 않거나 건강보험료가 육개월이상 체납된 사람이 해당됩니다
74	0_00074.wav	0_00074.mp4	노숙인시설 담당자와 상담 후 구비서류를 작성하시거나 의료급여 혜택을 받지 못하는 분은 노속인 종합지원센터 상담을 통해 서울시 의료보호증을 신청할 수 있습니다
75	0_00075.wav	0_00075.mp4	서울역 무료진료소와 영등포 무료진료소에서 의료보호증이 없이 진료받을 수 있습니다
76	0_00076.wav	0_00076.mp4	어르신 맞춤형 스마트폰 보급은 엘쥐전자와 케이티엠모바일,하이프라자 네개 기관과 협력으로 어르신 맞츰형 스마트폰 보급에 나서고 있습니다
77	0_00077.wav	0_00077.mp4	어르신 맞춤형 스마트폰 보급으로 받은 핸드폰은 월 이만원 이하로 저렴하게 이용할 수 있습니다
78	0_00078.wav	0_00078.mp4	어르신 맞춤형 스마트폰 보급 가입대상은 가입대상은 만 육십오세 이상 서울시민입니다
79	0_00079.wav	0_00079.mp4	어르신 맞춤형 스마트폰을 보급한 후, 기본 사용법 교육을 지원하고 있습니다
80	0_00080.wav	0_00080.mp4	나혼자 한강따라걷기 챌린지는 서울시 걷기 앱 워크온을 다운받으면 길 안내자 없이도 누구나 모바일 앱을 통해 혼자 걷기를 할 수 있습니다
81	0_00081.wav	0_00081.mp4	나혼자 한강따라걷기 챌린지의 열두개 코스의 일코스는 서울시청에서 한양대역, 이코스는 한양대역에서 강변역, 삼코스는 강변역에서 잠실나루역, 사코스는 잠실나루역에서 잠실역, 오코스는 잠실역에서 서울숲역, 육코스는 서울숲역에서 한남역, 칠코스는 한남역에서 동작진등등 열두개의 코스가 있습니다
82	0_00082.wav	0_00082.mp4	지방세 납세 증명서는 가까운 행정복지센터로 가셔도 되고 인터넷으로 정부 이십사 홈페이지에서 발급이 가능합니다
83	0_00083.wav	0_00083.mp4	지방세 완납 증명서는 가까운 읍면동사무소나 인터넷으로 정부 이십사 홈페이지에서 발급받을 수 있습니다
84	0_00084.wav	0_00084.mp4	주정차위반 과태료 조회는 서울시 교통위반 단속조회 서비스인 카택스에서 조회하실 수 있습니다
85	0_00085.wav	0_00085.mp4	조회가능한 자동차 과태료는 주정차위반,전용차로 위반,녹색교통지역 운행제한 위반,자동차세 체납,의무보험 미가입,정기검사미필 과태료를 조회하실 수 있습니다
86	0_00086.wav	0_00086.mp4	과태료 조회하는 방법은 서울시 교통위반 단속조회 서비스를 접속하시고 차량번호 조회하기를 하시면 됩니다
87	0_00087.wav	0_00087.mp4	사망자의 제적등본을 위해서는 주민등록번호를 알고있어야 합니다
88	0_00088.wav	0_00088.mp4	보건증은 보건소에서 발급 받으나 현재 코로나 일구로 인해 업무를 안하는 곳이 많아 관할 보건소에 먼저 문의를 해보시는 게 좋습니다
89	0_00089.wav	0_00089.mp4	보건증은 일년마다 갱신해야 하며, 학교급식 종사자는 육개월에 한번씩 갱신하셔야 합니다
90	0_00090.wav	0_00090.mp4	세목별과세증명서는 관할 주민센터에서 발급받을 수도 있고 요즘에는 인터넷으로 위텍스, 정부이십사 홈페이지에서 발급 받으실 수 있습니다
91	0_00091.wav	0_00091.mp4	세목별과세증명서 발급받을 때에는 상호,과세물건지 주소,과세년도,신청부수,사용목적,주민번호 공개여부를 직접 입력하시면 됩니다
92	0_00092.wav	0_00092.mp4	현재 서초구 보건소에서 삼천 팔십 구민건강검진 진행중입니다
93	0_00093.wav	0_00093.mp4	삼천 팔십 구민건강검진은 체위검사,폐결핵검사,뇨검사,혈액검사를 해드립니다
94	0_00094.wav	0_00094.mp4	삼천 팔십 구민건강검진비는 오천원입니다
95	0_00095.wav	0_00095.mp4	행복서초건강검진을 받으려면 미리 예약할 필요는 없고 평일 오전 아홉시에서 열 한시 방문하시면 됩니다
96	0_00096.wav	0_00096.mp4	보건소에서 국민건강보험공단의 건강검진을 받으실 수 있습니다
97	0_00097.wav	0_00097.mp4	국민건강보험공단의 건강검진 검사는 문진과 신체계측,흉부방사선 촬영,혈역,요검사,비형간염,골밀도,인지기능장애,생활습관평가,정신건강검사,노인신체기능검사,구강검진을 합니다
98	0_00098.wav	0_00098.mp4	국민건강보험공단의 건강검진 비용은 무료로, 전액 공단에서 부담하고 있습니다
99	0_00099.wav	0_00099.mp4	청소년증은 만 구세부터 만 십팔세까지 발급받을 수 있습니다
100	0_00100.wav	0_00100.mp4	청소년증은 공적 신분증의 기능이 있습니다
101	0_00101.wav	0_00101.mp4	청소년증에 충전식으로 사용할 수 있는 교통카드 기능이 있습니다
102	0_00102.wav	0_00102.mp4	청소년증 사용시 교보문고 매장 방문 구매시 십 퍼센트의 할인을 받을 수 있습니다
103	0_00103.wav	0_00103.mp4	청소년증은 가까운 주민센터에서 신청하실 수 있습니다
104	0_00104.wav	0_00104.mp4	만 십오세 이상이고, 사진이 붙은 학생증을 소지하면 본인이 직접 주민등록등본을 발급받을 수 있습니다
105	0_00105.wav	0_00105.mp4	주민등록등본은 한통에 사백원입니다
106	0_00106.wav	0_00106.mp4	중고차를 사서 직접 명의이전 가능합니다
107	0_00107.wav	0_00107.mp4	중고차 명의이전할 때 신분증,자동차 등록증,자동차 보험 가입증,자동차 이전등록 신청서가 필요하고, 인감도장을 찍어야 합니다
108	0_00108.wav	0_00108.mp4	양도자로 부터 이륜자동차 사용폐지 증명서와 자동차 양도증명서, 양도자 신분증사본을 받고, 서류, 본인신분증,오토바이보험가입 증명서를 준비하여 차량등록소에 방문하시면 됩니다.
109	0_00109.wav	0_00109.mp4	오토바이 말소는 차량등록사업소에서 합니다
110	0_00110.wav	0_00110.mp4	오토바이 말소를 위해서는 본인신분증, 오토바이등록증, 이륜자동차 사용폐신고서, 오토바이번호판을 준비해 가시면 됩니다
111	0_00111.wav	0_00111.mp4	이륜자동차 사용폐신고서는 차량등록사업소에 비치되어있습니다
112	0_00112.wav	0_00112.mp4	오토바이 양도시에는 이륜자동차 양도증명서,이륜자동차 사용페지증명서,본인 신분증 사본을 준비하시면 됩니다
113	0_00113.wav	0_00113.mp4	지방세 환급금 신청은 이티에이엑스 홈페이지에 접속하여 환급금 조회하시고 신청 접수를 하시면 됩니다
114	0_00114.wav	0_00114.mp4	지방세 환급금을 사회복지공동모금회에 본인 명의로 기부가 가능합니다
115	0_00115.wav	0_00115.mp4	정부 이십사 홈페이지에서 온라인으로 고등학교 졸업증명서 신청이 가능합니다
116	0_00116.wav	0_00116.mp4	고등학교 졸업증명서를 발급 신청은 온라인으로 정부 이십사 홈페이지에서 가능합니다
117	0_00117.wav	0_00117.mp4	정부 이십사 홈페이지에서 검색창에 고등학교 졸업증명서라고 입력하시면 됩니다.
118	0_00118.wav	0_00118.mp4	고등학교 졸업증명서 발급 수수료는 없습니다
119	0_00119.wav	0_00119.mp4	뚝섬 한강공원 주차장 월 정기권은 오만원입니다
120	0_00120.wav	0_00120.mp4	차량에 고지서 부착하거나 고지서 송달하여 주차요금을 청구하고 있습니다
121	0_00121.wav	0_00121.mp4	민방위 일년차 교육은 집합교육 한시간과 실전훈련 세시간을 합니다
122	0_00122.wav	0_00122.mp4	민방위 이년차에서 사년차의 교육 과정은 집합교육 또는 참여형교육 또는민방위의 날 훈련을 참여하고 실전훈련을 합니다
123	0_00123.wav	0_00123.mp4	사이버 민방위 비상소집훈련은 강남구,강북구,강서구,광진구,노원구,도봉구,동대문구,동작구,서초구,성동구,송파구,은평구,중량구에서 실행합니다
124	0_00124.wav	0_00124.mp4	출생신고는 가까운 구청이나 주소지 동주민센터에서 하실 수 있습니다
125	0_00125.wav	0_00125.mp4	출생신고시 부모가 출생 신고를 하실 경우 출생신고서 원본 한부,출생증명서 원본 한부,신분증원본이 필요합니다
126	0_00126.wav	0_00126.mp4	대리인이 출생신고를 하려면 출생신고서 원본 한부,출생증명서원본 한부, 부 또는 모의 신분증 사본 및 도장,대리인 신분증이 필요합니다
127	0_00127.wav	0_00127.mp4	혼인 당사자의 각각의 신분증과 혼인신고서, 배우자의 나라 혼인증명서 원본이 필요합니다
128	0_00128.wav	0_00128.mp4	긴급고용안정 지원금은 보험설계사,학습지 교사,택배기사,대리운전기사등 열네개 직종이 있습니다
129	0_00129.wav	0_00129.mp4	긴급고용안정 지원금을 신청하려면 신분증,통장사본,증빙서류를 지참하시면 됩니다
130	0_00130.wav	0_00130.mp4	외식업체 육성자금 지원 대상자는 독립음식점을 운영하거나 프랜차이즈,집단급식소에서 음식을 조리하여 제공하는 단체급식사업자가 해당이 됩니다
131	0_00131.wav	0_00131.mp4	외식업체 시설자금 융자는 매장신축, 인테리어공사, 비품구입등으로 쓸수 있습니다
132	0_00132.wav	0_00132.mp4	개인자업자 등록일로 부터 칠년 미만이면서 만 사십세 미만의 청년창업 외식 업체는 금리 일퍼센트 인하를 해줍니다
133	0_00133.wav	0_00133.mp4	외식업체 시설자금은 온라인 신청은 안되고, 한국 농수산식품유통공사 지역본부에서 신청하시면 됩니다
134	0_00134.wav	0_00134.mp4	정부에서 폐업 소상공인 점포철거비 및 원상복구지원을 하고 있습니다
135	0_00135.wav	0_00135.mp4	자가 소유건물에서 운영하거나 사전진단일 기준으로 이미 철거및 원상복구가 완료된 경우 그리고 사업자 이전,지원제외업종등은 해당하지 않습니다
136	0_00136.wav	0_00136.mp4	폐업 소상공인 점포철거비 및 원상복구 지원은 소상공인시장진흥공단 희망리턴패키지 시스템에서 신청이 가능합니다
137	0_00137.wav	0_00137.mp4	점포철거비 신청서,개인정보 수집이용 제공동의서,사업자등록증이나 폐업사실증명원등이 필요합니다
138	0_00138.wav	0_00138.mp4	이천 이십년 삼월 십구일 부터 노선버스의 고속도로 통행료를 면제해주고 있습니다
139	0_00139.wav	0_00139.mp4	코로나일구 관련 직,간접 수출입 피해기업이나 여행,운송,숙박등 피해가 우려되는 경기민감업종 기업,그외 코로나로 인한 피해가 우려되어 지원 타당성이 인정되는 기업입니다
140	0_00140.wav	0_00140.mp4	보증료율 차감과 보증비율 확대,보증심사 완화등을 지원받을 수 있습니다
141	0_00141.wav	0_00141.mp4	힘내라 대한민국 특별운영자금은 코로나로 피해를 입은 중소,중견기업이 융자받을 수 있도록 지원하고 있습니다
142	0_00142.wav	0_00142.mp4	중소활력 보강프로그램은 수출 기업및 수출용 원자재 수입기업과 주력산업부문 영위중소기업,경영 애로를 겪는 중소기업이 지원을 받을 수 있습니다
143	0_00143.wav	0_00143.mp4	운영자금 지원과 긴급 경영자금지원,수출실적 기반자금,무등급 수출기업지원,수출입 해외진출 보증이 있습니다
144	0_00144.wav	0_00144.mp4	운영자금지원은 수출입,해외진출 기업에게 중소기업은 영점 오퍼센트,중견기업은 영점 삼퍼센트 정도 금리 우대를 해주는 겁니다
145	0_00145.wav	0_00145.mp4	수출실적 기반자금은 기업별로 과거 수출실적의 팔십 퍼센트를 지원해주는 제도입니다.
146	0_00146.wav	0_00146.mp4	아동돌봄 쿠폰 제도는 학교나 어린이집 휴원등로 인해 학부모의 부담을 줄여주기 위해 만들어진 제도입니다
147	0_00147.wav	0_00147.mp4	청년 구직활동 지원금은 가족원 수 모두의 소득 기준이 기준중위 소득 백이십 퍼센트 이하여야 합니다
148	0_00148.wav	0_00148.mp4	학원휴원지원금의 지원금은 시설당 현금 백만원을 지급하고 있습니다
149	0_00149.wav	0_00149.mp4	학원휴원지원금 신청에는 신청서,교육청발행휴원확인서,사업자등록증사본,코로나일구 휴원 지원금 신청서가 필요합니다
150	0_00150.wav	0_00150.mp4	학원휴원지원금은 주민자치국 교육지원과로 접수하시면 됩니다
151	0_00151.wav	0_00151.mp4	서울형 골목상권 일일구 긴급자금은 연매출 이억 이하 육개월 이상의 소상공인을 대상으로 이천만원을 변동금리 일점 일이퍼센트로 지원해주는 정책입니다.
152	0_00152.wav	0_00152.mp4	청년특별구직 지원금은 온라인 청년센터 홈페이지를 통해 회원가입후 구직회원으로 전환하여 신청하면 일인당 오십만원을 지원받을 수 있습니다
153	0_00153.wav	0_00153.mp4	서울시 본청과 산하 사업소, 시의회, 소방재난본부, 동주민센터 등에서 민원안내, 행정업무보조 등이 있습니다.
154	0_00154.wav	0_00154.mp4	겨울 방학 대학생 아르바이트는 공무원 수행 업무를 현장에서 경험할수 있습니다.
155	0_00155.wav	0_00155.mp4	서울시가 운영하는 온 서울 세이프 로 신고, 상담, 피해 ,구제까지 실질직인 도움을 드립니다.
156	0_00156.wav	0_00156.mp4	온 서울 세이프 주소는 더블유더블유더블유 점 오엔이 에스이오유일 에스에이에프이 점 케이알 입니다
157	0_00157.wav	0_00157.mp4	온 서울 세이프 카카오톡 오픈 채팅을 운영하고 있고, 오픈 채팅 카테고리에서 오픈 채팅을 검색 하신 다음 도담별을 검색하고 일대일 채팅을 클릭한 다음 익명이 보장되는 일대일 채팅 참여하기를 하시면 됩니다.
158	0_00158.wav	0_00158.mp4	그루밍 성범죄는 호감을 얻으며 상대방에게 접근해 자신을 믿게 만들고 심리를 지배한 뒤 성폭력을 가하는 행위입니다.
159	0_00159.wav	0_00159.mp4	대학수학능력시험일에 장애인콜택시에 등록된 일, 이급 지체장애인및 보행상 장애가 있는 장애인 수험생에게 우선적으로 배치합니다
160	0_00160.wav	0_00160.mp4	이천 팔년부터 시작한 장애수험생 우선배차 서비스입니다. 
161	0_00161.wav	0_00161.mp4	서울시 장애인 콜택시는 특장차량육백 이십대 ,서울장애인 버스두대, 개인택시 오십대로 총 육백 칠십이대 운영중입니다.
162	0_00162.wav	0_00162.mp4	이러한 걱정이 없도록 내 위치를 한강에서도 쉽게 검색하고 지인에게 공유할수 있는 어디야 한강 이라는 모바일 앱 서비스가 개시 됩니다.
163	0_00163.wav	0_00163.mp4	어디야 한강 앱은 위치 공유, 상황대처 시스템. 주변시설, 공원행사가 카테고리로 구성되어 있습니다.
164	0_00164.wav	0_00164.mp4	어디야 한강 앱은 한강다리와 자전거 도로를 기준으로 한 현재 내 위치가 앱을 통해 인식되어 지도에 표시됩니다.
165	0_00165.wav	0_00165.mp4	상황대처 시스템은 문자신고와 일일구가 뜨고 둘중 하나를 선택해 누르면 바로 신고 할수 있습니다.
166	0_00166.wav	0_00166.mp4	예 가까운 화장실, 편의점, 자전거 대여소 등 한강공원의 편의시설 위치를 확인할 수 있습니다.
167	0_00167.wav	0_00167.mp4	우리나라 최초의 기상역사박물관은 천구백 삼십이년 서울시 종로에 서울기상 관측소가 처음으로 문을 열었습니다.
168	0_00168.wav	0_00168.mp4	서울기상 관측소에서는 오늘날까지도 서울의 날씨를 측정하고 있습니다
169	0_00169.wav	0_00169.mp4	예 지난 십월 삼십일 우리나라의 기상 역사를 소개하는 국립기상 박물관으로 새롭게 되었습니다. 이천 십칠년 세계기상기구에 의해 백년 관측소 중 하나라 선정되었습니다.
170	0_00170.wav	0_00170.mp4	예 서울 기상관측소는 등록문화재 제 오백팔십오호인 서울기상 관측소 건물이고 지금은 건립 당시의 모습으로 복원하였습니다.
171	0_00171.wav	0_00171.mp4	서울기상 관측소는 이층에 걸쳐 일곱개의 전시실로 구성되어져 있고 현재 제 일부터 사전시실까지 운영되고 있습니다.
172	0_00172.wav	0_00172.mp4	북서울 꿈의 숲 음악소풍 뮤직테라피는 코로나일구로 지친 시민들과 수험생들을 위해 북서울꿈의 숲에서 특별히 준비한 것입니다.
173	0_00173.wav	0_00173.mp4	남산 한양도성 유적은 지난 백여 년 동안 땅 속에 멸실된줄 알았던 남산회현자락의 한양도성이 유적인데 발굴 상태 그대로 보존 정비해 조성 완료 된 유적이 공개되었습니다.
174	0_00174.wav	0_00174.mp4	남산 한양도성 유적은 조선시대 한양도성 축성의 역사부터 일제 강점기 훼손의 수난, 해방이후 도시화, 최근의 발굴 및 정비 과정까지 수백년에 걸친 역사의 층위를 압축적으로 보여줍니다.
175	0_00175.wav	0_00175.mp4	이천 구년부터 남산의 역사성과 자연서 회복을 위한 남산 회현자락 정비사업을 세단계로 나눠 추진해왔습니다
176	0_00176.wav	0_00176.mp4	서울 국제 트래블 마트는 코로나시대 관광수요를 선제적으로 창출하기 위한 국내 최대 규모의 관광 비즈니스로 열리는 것입니다.
177	0_00177.wav	0_00177.mp4	국제 트래블 마트의 홈페이지 주소는 더블유더블유더블유 점 에스아이티엠 점 오알 점 케이알 입니다.
178	0_00178.wav	0_00178.mp4	서울사람책도서관 플랫폼 제안은 서울시에서 사회적, 문화적 고립으로 인한 시민들의 갈증해소의 대안으로 서울 사람책 도서관 이라는 온라인 시범 서비스를 선보였습니다.
179	0_00179.wav	0_00179.mp4	서울사람책도서관 주제는 삶과 죽음, 관계회복, 불평등 사회, 노동의미래, 세대의변화, 생태계 복원, 미래교육, 미디어 리터러시, 지역으로의 회귀, 총류로서 표용이다. 의 주제로 얘기 합니다.
180	0_00180.wav	0_00180.mp4	서울사람책도서관 시범사업의 콘텐츠는 유튜브 서울도서관 티브이와 서울도서관 홈페이지에서 살펴보실수 있습니다.
181	0_00181.wav	0_00181.mp4	육이오 전쟁 발발 칠십년 서울역사 학술대회는 육이오 전쟁 서울사람들의 기억, 이라는 주제로 서울역사학술대회를 개최합니다.
182	0_00182.wav	0_00182.mp4	서울 각 구청에서 전문기관에 위탁하여 길고양이들 중성화 수술을 진행하고 있습니다.
183	0_00183.wav	0_00183.mp4	길고양이 중성화는 길고양이들의 번식기 울음소리나 투쟁으로 인한 시민들의 불편함을 감소하기 위해서 입니다.
184	0_00184.wav	0_00184.mp4	중성화할 때 고양이의 왼쪽 귀 끝을 일 센치미터 정도를 잘라 표시를 하고 있습니다.
185	0_00185.wav	0_00185.mp4	상담사Q|전화하신 분 성함과 연락처를 알려 주시면 저희가 중성화 접수를 진행하겠습니다. 성함과 연락처를 알려주세요
186	0_00186.wav	0_00186.mp4	각 구청에서 동물보호센터를 지정하여 동물들을 구조하고 보호하고 있습니다.
187	0_00187.wav	0_00187.mp4	동물보호관리시스템 홈페이지를 찾아 보시고, 없다면 유실동물 분실신고를 하시는 것이 좋을 듯 합니다.
188	0_00188.wav	0_00188.mp4	먼저 동물 등록을 하시고 인식표를 부착을 해야 하고 맹견 소유자의 의무교육을 반드시 이수를 해야 하며 외출 시에는 목줄과 입마개를 반드시 착용해 주셔야 합니다.
189	0_00189.wav	0_00189.mp4	맹견 관리규정 위반은 경찰서로 신고하시면 됩니다.
190	0_00190.wav	0_00190.mp4	입마개를 안한 뱅견으로 인명사고가 발생하게 되면 삼년 이하의 징역을 받거나 삼천만원 이하의 벌금을 내게 됩니다.
191	0_00191.wav	0_00191.mp4	동물 등록을 반드시 해 주셔야 하고 등록을 하지 않으면 과태료가 부과됩니다.
192	0_00192.wav	0_00192.mp4	위택스 홈페이지에서 취득세율을 확인 가능합니다.
193	0_00193.wav	0_00193.mp4	잔금지급일이 취득일이 되어 잔금지급일로 부터 육십일 이내에 신고하시고 납부하면 됩니다.
194	0_00194.wav	0_00194.mp4	납세자가 소유한 재산의 경제적 교환가치에 담세력을 두어 과세하는 조세를 재산세라고 합니다.
195	0_00195.wav	0_00195.mp4	재산세 과세기준일은 육월 일일입니다.
196	0_00196.wav	0_00196.mp4	일월, 삼월, 육월, 구월에 납부하시면 연납이 가능합니다.
197	0_00197.wav	0_00197.mp4	자동차세 연납신청은 위택스 홈페이지에서 직접 하실 수 있습니다.
198	0_00198.wav	0_00198.mp4	서울시 주거포털사이트에서 주민등록등본,가족관계 증명서,혼인 증명서 및 임대차 계약서 등을 준비하여 신청을 하시면 됩니다.
199	0_00199.wav	0_00199.mp4	신혼부부 임차보증금 지원 상담은 시중은행에 가셔서 문의를 하시면 상담이 가능합니다.
200	0_00200.wav	0_00200.mp4	졸업증명서는 민원이십사 홈페이지에서 온라인으로 신청하고 해당 대학에서 발급받아 팩스나 우편으로 받아야 합니다.
201	0_00201.wav	0_00201.mp4	재학증명서는 민원이십사 홈페이지에서 온라인으로 신청하고 해당 대학에서 발급받아 팩스나 우편으로 받아야 합니다.
202	0_00202.wav	0_00202.mp4	한국환경공단 콜센터 자동차배출가스등급제 누리집을 통해서 차량 등급 확인이 가능합니다.
203	0_00203.wav	0_00203.mp4	미세먼지 저감 및 관리에 관한 특별법에 따라 배출가스 오등급 차량에 대한 운행 제한을 실시하게 되었습니다.
204	0_00204.wav	0_00204.mp4	한국환경공단 콜센터나 자동차 배출가스 등급제 누리집을 통해 확인할 수 있습니다.
205	0_00205.wav	0_00205.mp4	실업급여와 청년수당은 중복으로 받을 수 없습니다.
206	0_00206.wav	0_00206.mp4	청년수당은 드림통장 체크카드로 청년의 다양한 상황과 필요에 맞게 사용이 가능합니다.
207	0_00207.wav	0_00207.mp4	청년수당은 서울시에 거주하고 있는 만 십구세 부터 삼십 사세 미취업 청년들의 구직활동을 촉진하기 위해 지급되는 수당입니다.
208	0_00208.wav	0_00208.mp4	청년수당은 교육비,독서실비 등 직접적인 구직활동을 하거나 사용이 가능하고, 식비나 통신비 교통비같이 사업취지에 맞는 다양한 활동에 사용이 가능합니다.
209	0_00209.wav	0_00209.mp4	희망두배 청년통장은 서울시 예산 및 시민의 후원금 등으로 적립 지원하여 이년이나 삼년 일정금액을 자동이체하여 저축을 하면 저축하는 금액과 동일하게 드리는 통장입니다.
210	0_00210.wav	0_00210.mp4	희망두배 청년통장은 만 십팔세에서 만 삼십사세인 분들만 신청하고, 현재 일을 하고 계셔야 하며 서울 거주자이셔야 지원이 가능합니다
211	0_00211.wav	0_00211.mp4	서울시복지재단 홈페이지에서 다운 받을 수 있는 가입신청서와 신분증 사본, 가구원 소득 신고서, 개인정보동의서, 사회보장급여신청서 등이 필요합니다
212	0_00212.wav	0_00212.mp4	직장을 다니고 계시다면 국민건강보험 사이버민원센터에서 조회가 가능합니다.
213	0_00213.wav	0_00213.mp4	희망두배 청년 통장을 만들 때 위임장을 작성하셔서 대리방문 접수 가능하고, 주소지 동주민센터 담당자에게 우편이나 이메일로도 접수가 가능합니다
214	0_00214.wav	0_00214.mp4	청년월세지원은 희망두배청년통장과 중복으로 지원이 됩니다.
215	0_00215.wav	0_00215.mp4	서울 도시농업은 말 그대로 도시 내에서 농작물,수목,화초를 재배하거나 곤충을 사육하는 것으로 서울에서 농업을 할 수 있도록 하는 것입니다
216	0_00216.wav	0_00216.mp4	서울도시농업이 시행 된 이유는 여러가지가 있습니다. 사회적으로는 심신치유,스트레소 해소등의 이유가 있고, 경제적으로는 녹색경제 기반 마련 등의 이유이고, 환경적으로는 지구온난화를 완화하는 등의 이유로 필요하다 생각하여 추진하게 된 것입니다.
217	0_00217.wav	0_00217.mp4	서울농부회원제도 운영을 하고 있고 서울도시농업박람회도 개최하며 서울 시민들에게 농업을 하는데 도움을 드리고자 노력하고 있습니다. 또한, 우리동네 텃밭관리자를 모집하거나 반려식물을 보급하는 등의 여러가지 사업을 추진 중에 있습니다.
218	0_00218.wav	0_00218.mp4	반려식물 보급사업은 저소득 홀몸 어르신들을 대상으로 정서적으로 의지하고 기를 수 있는 반려식물을 보급하는 사업입니다.
219	0_00219.wav	0_00219.mp4	반려식물 보급사업에 참여하려면 서울에 거주하시고 육십오세 이상의 저소득 홀몸 어르신들에 한에서 지원이 되고 있습니다.
220	0_00220.wav	0_00220.mp4	도시농업 민간단체 공모사업은 공모를 통해서 다양한 아이디어를 담은 사업을 계획하는 도시농업 분야 민간단체를 선정하여 사업비의 일부를 지원하는 사업입니다.
221	0_00221.wav	0_00221.mp4	도시농업 사업 다양성을 확대하고 도시농업 단체의 자생력을 향상시켜 도시농업을 확산하기 위함입니다.
222	0_00222.wav	0_00222.mp4	공동체 지원사업은 도시농업으로 이웃 간 화합과 소통하는 공동체 문화를 확산하기 위해 도시농업 공동체를 등록하여 관리하고 규모에 따라 예산을 지원하는 사업입니다.
223	0_00223.wav	0_00223.mp4	텃밭 농사인 경우에는 텃밭 면적이 백제곱미터 이상이어야 합니다. 그리고 양봉을 하는 경우에는 봉군이 다섯통이상 있어야 하고 곤충사육을 하는 경우에는 곤충 종류에 따라 틀리지만 오백 마리에서 만 오천마리 이상 있어야 합니다.
224	0_00224.wav	0_00224.mp4	서울양봉지원은 시민에게 도시양봉 농가를 방문하여 교육과 현장체험의 기회를 제공하여 도시양봉의 이해를 확대하고자 하는 사업입니다.
225	0_00225.wav	0_00225.mp4	서울시 도시농업과에 문의를 해 보시면 자세히 알려드릴 것입니다.
226	0_00226.wav	0_00226.mp4	서울농부회원은 서울농부포털 회원가입을 통해 도시농업 활동, 정보를 공유하며 그 활동의 확장과 발전을 하고자하는 서울농부를 말합니다.
227	0_00227.wav	0_00227.mp4	서울형 도시텃밭 조성은 서울 도심에서 농업활동을 할 수 있도록 다양한 형태 텃밭을 조성하는 것입니다.
228	0_00228.wav	0_00228.mp4	서울형 도시텃밭 조성은 신청하는 텃밭의 유형에 따라 조성할 수 있도록 차등하여 지원을 해 주는 것입니다.
229	0_00229.wav	0_00229.mp4	서울형 도시텃밭 조성의 신청 방법은 구청 도시농업 부서에 직접 문의를 하시면 자세하게 알아보실 수 있습니다.
230	0_00230.wav	0_00230.mp4	함께서울 친환경농장이란 서울시민이 합성농약과 화학비료를 사용하지 않고 건강한 먹거리를 직접 경작할 수 있도록 서울시가 지원하는 친환경 주말농장입니다.
231	0_00231.wav	0_00231.mp4	농장임차료는 무료는 아니고 삼만원에서 칠만원의 참여 비용이 필요하지만 농작물 재배시기에 맞춰 씨앗이나 모종,유기질비료,친환경방제는 무료로 제공합니다
232	0_00232.wav	0_00232.mp4	서울의 랜드마크는 남산서울타워, 남산케이블카, 서울광장, 광화문 광장, 반포대교 달빛 무지개분수, 서울로 칠공일칠 등이 있습니다.
233	0_00233.wav	0_00233.mp4	서울로 칠공일칠은 천구백 칠십년에 만들어진 서울역고가가 안전 문제로 철거될 상황에서 이를 열일곱개의 사람길로 재탄생시킨 도시재생사업입니다.
234	0_00234.wav	0_00234.mp4	우리마을가게 상권분석 서비스는 서울시에서 서울시에 있는 다양한 상권을 분석하는데 도와드리는 정책입니다.
235	0_00235.wav	0_00235.mp4	인터넷에서 서울시우리마을가게 상권분석을 검색하시면 됩니다.
236	0_00236.wav	0_00236.mp4	국제운전면허증은 전국 운전면허시험장 및 경찰서, 도로교통공단과 협약 중인 지방자치단체 이백 이십개소에서도 발급 가능합니다.
237	0_00237.wav	0_00237.mp4	본인 여권, 운전면허증, 욱개월 이내 촬영한 여권용 사진 일 매가 필요합니다
238	0_00238.wav	0_00238.mp4	국제운전면허 발급 시 팔천 오백원의 수수료가 발생합니다.
239	0_00239.wav	0_00239.mp4	건축물대장은 해당 건축물의 정확한 주소지를 알고 계신다면 가까운 구청이나 동주민센터에서 발급하거나 인터넷 민원 이십사나 세움터 사이트에서 발급 받으실 수 있습니다.
240	0_00240.wav	0_00240.mp4	제로페이는 서울시에서 결제가 가능한 가상화폐입니다.
241	0_00241.wav	0_00241.mp4	출산지원금은 출생신고 후 지역구 주민센터나 구청에서 신청 가능합니다.
242	0_00242.wav	0_00242.mp4	출생축하선물의 신청은 출산 오십일 전부터 신청 가능하고, 아이서울유 홈페이지에서 신청하시면 됩니다.
243	0_00243.wav	0_00243.mp4	청년주택의 공급정보는 에스에이치 공사 홈페이지에서 확인할 수 있습니다.
244	0_00244.wav	0_00244.mp4	거주자 우선주차는 지역구 거주자우선주차 사이트에서 신청 가능하고, 신청서, 자동차등록증 사본, 거주자는 주민등록 초본, 비거주자는 사업자등록증이나 재직증명서가 필요합니다.
245	0_00245.wav	0_00245.mp4	따릉이 어플에서 신용카드, 체크카드, 휴대전화, 후불교통카드, 티머니카드, 페이코, 카카오페이로 결제가 가능합니다.
246	0_00246.wav	0_00246.mp4	서울시 행복주택사업은 대학생이나 신혼부부등 주거취약계층을 대상으로 공공임대주택을 주변시세보다 저렴한 가격으로 제공하는걸 말합니다.
247	0_00247.wav	0_00247.mp4	서울시 청년수당 사업공고는 서울청년포털 홈페이지 공지에서 확인 가능합니다.
248	0_00248.wav	0_00248.mp4	광고 표시 기준은 광고 심사지침 개정안이 시행되면서 소비자들이 광고임을 쉽게 알 수 있도록 광고 표시 기준을 강화하는 것입니다.
249	0_00249.wav	0_00249.mp4	광고 표시 기준은 공정거래위원회로 문의하시면 자세한 답변을 받으실 수 있습니다
250	0_00250.wav	0_00250.mp4	전세보증금 반환보증 제도는 국토교통부와 주택도시보증공사에서 임차인의 보증금 보호 강화를 위해 시행중인 보증상품입니다.
251	0_00251.wav	0_00251.mp4	청년 전세임대주택은 입주대상자로 선정된 청년이 거주를 희망하는 주택을 고르면 LH가 해당주택 소유자와 전세계약을 체결한 후 저렴하게 청년에게 재임대하는 주택입니다.
252	0_00252.wav	0_00252.mp4	가족돌봄비용은 휴원이나 휴교 등으로 집에서 자녀를 돌봐야 하는 근로자이시면, 일인당 최대 칠십 오만원 지급되며, 고용노동부 홈페이지에서 신청하시면 됩니다.
253	0_00253.wav	0_00253.mp4	지방세는 해당 시, 군 내에 주소를 두고 있는 개인세대주, 사업소를 둔 개인사업자, 법인에게 부과세는 세금입니다.
254	0_00254.wav	0_00254.mp4	취득세란 일정한 자산을 취득했을 때 이에 대해 부과하는 조세를 뜻하는 용어입니다.
255	0_00255.wav	0_00255.mp4	지방세 납부내역은 위택스 홈페이지와 스마트위택스 모바일 앱를 이용하시면 언제든 조회하고 납부하실 수 있습니다.
256	0_00256.wav	0_00256.mp4	지방소득세는 납세의무를 가지고 있는 개인, 법인이 소득에 따라 납부하게 되는 지방세이며, 개인은 과세표준에 영점 사 에서 영점 육 퍼센트의 세율이 적용되고 법인은 법인세 과세표준에 일점 영 퍼센트에서 이점 오퍼센트의 세율을 적용하여 과세 됩니다.
257	0_00257.wav	0_00257.mp4	한부모 가정 혜택은 먼저 매달 양육비를 자녀 한명당 십삼만원 지원받으실 수 있으며, 생활비로 가구당 오만원, 자녀 학용품비용으로 오만원 지원받으실 수 있습니다.
258	0_00258.wav	0_00258.mp4	증여세는 재산을 증여받은날이 속하는 달의 말일로부터 삼개월 이내에 증여세 신고를 관할세무서에 제출해야 됩니다.
259	0_00259.wav	0_00259.mp4	학자금 상환제도는 대출받은 학생이 취업을 하게 되면, 연간 소득 금액에 따라 대출 받은 학자금을 상환하는 제도입니다.
260	0_00260.wav	0_00260.mp4	국가장학금 일유형은 소득기준에 따라 정부가 직접 정해진 금액을 지원해주는 것이고, 이유형은 대학 자체에서 연계해서 지원해 주는 것입니다.
261	0_00261.wav	0_00261.mp4	국가장학금은 한국장학재단 홈페이지 및 모바일 앱에 접속하여 신청하시고 수혜할 학생 본인 명의의 공인인증서가 꼭 필요하오니 미리 준비해 주시길 바랍니다.
262	0_00262.wav	0_00262.mp4	주민등록초본은 동주민센터나 온라인에서 발급 받으실 수 있습니다.
263	0_00263.wav	0_00263.mp4	청년특별구직지원금은 청년수당과 중복 신청은 불가능합니다.
264	0_00264.wav	0_00264.mp4	대출한도는 개인의 신용도, 인정소득 등에 따라 개인별로 다르기 때문에 협약은행의 검토를 받으셔야하고, 대략적인 보증 한도는 한국주택금융공사 홈페이지에서 조회 가능합니다.
265	0_00265.wav	0_00265.mp4	희망의 집수리는 가까운 동주민센터 방문하시어 자격 해당여부 확인받으신 후 신청서, 개인정보제공동의서 등을 작성해주시면 됩니다
266	0_00266.wav	0_00266.mp4	돌봄 에스오에스 센터는 구청 복지정책과, 동주민센터에 전화나 방문을 통해 정보상담서비스를 이용하거나 여타서비스 신청 가능합니다
267	0_00267.wav	0_00267.mp4	돌봄 에스오에스 센터는 갑작스러운 일시적 위기상황에 대응한 서비스 제공을 초점에 두고 있으며 시설서비스, 건강지원서비스 등을 지원하고 있습니다.
268	0_00268.wav	0_00268.mp4	이용하시는 은행을 직접 방문하거나 은행 사이트, 위택스 사이트에서 지방세 납부가 가능합니다.
269	0_00269.wav	0_00269.mp4	더블유더블유더블유점 더블유이티에이엑스점 지오점 케이알입니다.
270	0_00270.wav	0_00270.mp4	간단한 본인확인 후 안내해드리겠습니다.
271	0_00271.wav	0_00271.mp4	이삼년간 꾸준히 저축하는 서울청년 대상 본인 저축액 백퍼센트를 서울시 예산으로 추가 적립해주는 통장입니다.
272	0_00272.wav	0_00272.mp4	서울거주자이시면서 만 십팔세에서 삼십사세 이하의 청년입니다.
273	0_00273.wav	0_00273.mp4	신혼부부 전세대출은 결혼 칠년 이내 부부 대상으로 임대차 보증금 지원사업과 버팀목 전세자금 대출이 있습니다.
274	0_00274.wav	0_00274.mp4	두분 합산 연소득이 구천 칠백만원 이하여야 하고, 서울시 관내 소재하는 주택의 전세보증금의 최대 구십퍼센트, 이억원까지 대출이 가능합니다.
275	0_00275.wav	0_00275.mp4	연말정산은 국세청 홈페이지에서 간편하게 안내해드리고 있으며, 전년도 고용보험 납입 내역 준비하셔야 합니다.
276	0_00276.wav	0_00276.mp4	직장에 요청하시거나 근로복지공단에서 조회 및 확인이 가능합니다.
277	0_00277.wav	0_00277.mp4	매년 이월에 정산해드립니다.
278	0_00278.wav	0_00278.mp4	연간 백만원 한도 내에서 결제 금액의 삼십퍼센트를 박물관, 밀수관 입장료 문화비로 소득공제해드립니다.
279	0_00279.wav	0_00279.mp4	월세 금액의 십퍼센트를 세액공제 받을 수 있습니다.
280	0_00280.wav	0_00280.mp4	운전면허증 분실신고는 신분증을 지참하시고 경찰서 방문하셔서 분실신고를 해주시면 됩니다.
281	0_00281.wav	0_00281.mp4	운전면허 시험장에서 재발급 서류를 작성하시면 삼십분 내외로 가능하며, 수수료는 칠천오백원입니다.
282	0_00282.wav	0_00282.mp4	영문으로 운전면허증이 발급이 가능하며, 경찰청 사이트에서 별도 국제운전면허증 관련 정보를 확인할 수 있습니다.
283	0_00283.wav	0_00283.mp4	서울은 강남구, 도봉구 관내 보건소에서 받으신 경우 관내 무인발급기를 통해서 발급 가능합니다. 또 인터넷으로도 발급가능합니다.
284	0_00284.wav	0_00284.mp4	보건소에서 건강진단 검진후, 신분증과 같이 신청서를 제출하여 출력가능하고, 정부이십사를 통해 인터넷 발급도 가능합니다.
285	0_00285.wav	0_00285.mp4	연고지가 없는 청년분들에게는 정착장려금을 지원하고 있는데, 가구당 사백팔십만원을 지원받을 수 있습니다.
286	0_00286.wav	0_00286.mp4	신청하시는 읍, 면사무소에서 상반기 사월, 하반기 구월에 매년 신청을 받습니다.
287	0_00287.wav	0_00287.mp4	귀농정착인 지원은 만 이십세부터 육십세 이하의 대상자가 신청하여 오년간 연간 사백팔십만원을 지원받습니다.
288	0_00288.wav	0_00288.mp4	지원금을 받은 이후 오년 이내에 다른 지역으로 이주하시면 지원취소 및 지원금이 회수됩니다.
289	0_00289.wav	0_00289.mp4	귀농정착인 지원은 귀농정착 후 삼년 경과한 시점부터 가능하며 읍, 면사무소에서 상반기 사월, 하반기 구월에 매년 신청을 받습니다.
290	0_00290.wav	0_00290.mp4	구청 자동차 등록 민원실에서 접수하시고 취등록세를 납부하신 뒤 같은 장소에서 채권 구입을 현금으로만 하셔야 합니다.
291	0_00291.wav	0_00291.mp4	아이키움수당은 이인 이상 자녀에게 삼십육개월까지 매달 십만원씩 지원해주는 수당입니다.
292	0_00292.wav	0_00292.mp4	내일배움카드는 고용센터 홈페이지에서 카드 신청하고, 직접 수령하시거나 이주 뒤에 자택으로 배송받으실 수 있습니다.
293	0_00293.wav	0_00293.mp4	가까운 시청에서 년수를 선택하고 신청하며, 발급시간은 삼에서 오일정도 걸립니다.
294	0_00294.wav	0_00294.mp4	여권 신청 준비물로 증명사진이랑 미성년자의 경우 보호자 신분증이 필요하며, 최대 오만원의 금액이 필요합니다.
295	0_00295.wav	0_00295.mp4	가까운 동, 면사무소에 계약서와 신분증 챙겨가시면 바로 확정일자를 확인하실 수 있습니다.
296	0_00296.wav	0_00296.mp4	미술관, 박물관 등이 있는데 어떤곳을 원하실까요?
297	0_00297.wav	0_00297.mp4	서울 박물관,한성백제박물관, 서울역사박물관, 수도박물관 등이 있습니다.
298	0_00298.wav	0_00298.mp4	한성백제박물관은 사전예약제로 운영되고 있으며 서울시공공서비스예약 홈페이지에서 하루 전까지 예약하실수 있습니다.
299	0_00299.wav	0_00299.mp4	출생신고는 주소지 관련없이 구청 민원실에서 가능하며 출생신고서, 출생증명서, 신분증이 필요하고 처리까지 일주일 정도 소요됩니다.
300	0_00300.wav	0_00300.mp4	출생일로부터 일개월 내에 신고하지 않으시면 칠일 미만의 경우 만원, 육개월 이상의 경우에는 오만원이 부과됩니다.
301	0_00301.wav	0_00301.mp4	기초생활수급자나 미성년자의 경우 오십퍼센트 경감되며 해당되지 않는 경우 신고하면서 즉시납부 시 이십퍼센트 경감됩니다.
302	0_00302.wav	0_00302.mp4	교통카드 기능을 선택한 경우에 이용 가능하며 편의점, 제과점 등 해당 교통카드사의 가맹점에서 결제 및 충전할 수 있습니다.
303	0_00303.wav	0_00303.mp4	전국 가까운 동주민센터에 반명함판 사진 한매와 신분증을 지참하시고 방문하셔서 발급한뒤 이주 뒤에 수령 가능합니다.
304	0_00304.wav	0_00304.mp4	만 십팔세 전까지 신분증과 필요한 경우 교통카드로도 활용이 가능합니다.
305	0_00305.wav	0_00305.mp4	발급신청확인서를 요청하면 청소년증 발급 전까지 사용 가능하며, 청소년증을 발급받을 때 사진 한매를 추가 지참하시면 받을 수 있습니다.
306	1_00001.wav	1_00001.mp4	정부에서 별도 지원금을 지급하고 있습니다
307	1_00002.wav	1_00002.mp4	일용직 노동자 등 취약노동자들이 받을 수 있습니다.
308	1_00003.wav	1_00003.mp4	주 사십시간 미만 단시간 노동자, 일용직 노동자, 특수형태노동종사자, 요양보호사가 해당됩니다.
309	1_00004.wav	1_00004.mp4	일인당 이십삼만원이 지급됩니다.
310	1_00005.wav	1_00005.mp4	신청서와 신분증 사분, 자가격리이행 확약서 등입니다.
311	1_00006.wav	1_00006.mp4	최종 음성판정을 받은 후 검사일로부터 십사일이 지나야 방문 신청이 가능합니다.
312	1_00007.wav	1_00007.mp4	코로나십구 피해기업 긴급자금 지원 서울형 골목상권일일구 긴급자금 지원 서울형 이자비용 절감 대환대출 지원이 있습니다.
313	1_00008.wav	1_00008.mp4	코로나십구로 인해 확진피해기업, 직접피해기업, 간접피해기업에 대해 지원합니다.
314	1_00009.wav	1_00009.mp4	중소기업육성기금은 업체당 오억 이내 입니다.
315	1_00010.wav	1_00010.mp4	업체당 칠천만원 이내에서 지원합니다.
316	1_00011.wav	1_00011.mp4	중소기업육성기금의 경우 확진피해기업은 일퍼센트 직접피해기업 일점오퍼센트 간접피해기업 일점팔퍼센트 고정금리로 지원합니다.
317	1_00012.wav	1_00012.mp4	상담및 신청은 신한, 우리, 서울신용보등재단에 문의바랍니다.
318	1_00013.wav	1_00013.mp4	연매출 이억 이하 육개월 이상 업력의 소상공인을 대상으로 지원하는 정책입니다.
319	1_00014.wav	1_00014.mp4	총부채 팔억 미만 기업으로 신용등급 일에서 칠등급에 한해 지원합니다.
320	1_00015.wav	1_00015.mp4	자격조건 해당시 이천만원 일괄 지원합니다.
321	1_00016.wav	1_00016.mp4	일년 거치 사년 균등분활상환 입니다.
322	1_00017.wav	1_00017.mp4	우리, 신한은행에서 진행합니다.
323	1_00018.wav	1_00018.mp4	보증비율 백퍼센트에 보증료는 영 점 오오 퍼센트 입니다.
324	1_00019.wav	1_00019.mp4	현재 농협에서 코로나십구 긴급경영 안정 자금지원을 진행중입니다. 
325	1_00020.wav	1_00020.mp4	코로나십구 감염등으로 인원.격리된 자, 외 중소기업 등입니다.
326	1_00021.wav	1_00021.mp4	업체당 최대 오억, 개인당 최대 일억원 신규대출 됩니다.
327	1_00022.wav	1_00022.mp4	농업인 최대 일 점 칠 퍼센트 이내, 농업인 외 최대 일 퍼센트 이내 금리 감면입니다.
328	1_00023.wav	1_00023.mp4	대출 실행일로부터 최장 십이개월 이자 납입 유예 가능합니다.
329	1_00024.wav	1_00024.mp4	매출액 감소 및 수출입실적 입증 외 기타 피해현황 자료제출 및 검토 후 지원됩니다.
330	1_00025.wav	1_00025.mp4	상세한 사항은 당행 관련 부서로 문의 바랍니다.
331	1_00026.wav	1_00026.mp4	정부에서 별도 지원금을 지급하고 있습니다.
332	1_00027.wav	1_00027.mp4	일용직 노동자 등 취약노동자들이 받을 수 있습니다.
333	1_00028.wav	1_00028.mp4	주 사십 시간 미만 단시간 노동자, 일용직 노동자, 특수형태노동종사자, 요양보호사가 해당됩니다.
334	1_00029.wav	1_00029.mp4	네 정부에서 서울지역 소상공인 지원 사업이 있습니다.
335	1_00030.wav	1_00030.mp4	코로나십구로 인해 확진피해기업, 직접피해기업, 간접피해기업에 대해 지원합니다.
336	1_00031.wav	1_00031.mp4	상담 및 신청은 신한, 우리, 서울신용보등재단에 문의바랍니다.
337	1_00032.wav	1_00032.mp4	업체당 칠천만원 이내에서 지원합니다.
338	1_00033.wav	1_00033.mp4	소상공인을 대상으로 지원하는 정책입니다.
339	1_00034.wav	1_00034.mp4	온라인 청년센터 홈페이지를 통해 신청할 수 있습니다
340	1_00035.wav	1_00035.mp4	일인당 오십만원드립니다
341	1_00036.wav	1_00036.mp4	네 현재 소상공인에 대한 코로나 이차 지원금 지원이 진행중입니다. 
342	1_00037.wav	1_00037.mp4	네 소기업은 근로자수 오인미만이셔야 하고 제조,광업,건설,운송업은 십인 미만이어야 소상공인 입니다
343	1_00038.wav	1_00038.mp4	소상공인 지원상담사에게  상담하시면 됩니다
344	1_00039.wav	1_00039.mp4	이천이십이년 구월 이십 사일 부터 했어요
345	1_00040.wav	1_00040.mp4	연매출 사억원이하면서 상시근로자가 5인 미만이어야 합니다
346	1_00041.wav	1_00041.mp4	오월 삼십일일 이전에 창업했어야 합니다
347	1_00042.wav	1_00042.mp4	새희망자금 특별업종 지원대상인 소상공인에게 지원금이 나가게 됩니다
348	1_00043.wav	1_00043.mp4	 백오십만원을 지원받게되고 집합금지업종은 이백만원 지원받게 됩니다
349	1_00044.wav	1_00044.mp4	새희망자금 홈페이지나 콜센터로 신청 가능합니다
350	1_00045.wav	1_00045.mp4	  한개 사업체만 지원됩니다
351	1_00046.wav	1_00046.mp4	  공동대표의 위임장을 첨부하시며 대표에게 지급됩니다
352	1_00047.wav	1_00047.mp4	  이단계가 시행된 팔월 십육일 이후 폐업 신고한 소상공인이 페업전 삼개월이상 영업을 했다면 가능합니다
353	1_00048.wav	1_00048.mp4	  온라인 신청서와 확약서 작성으로 신청하시면 됩니다
354	1_00049.wav	1_00049.mp4	현재 소상공인에 대한 재도전 지원이 진행중 입니다. 
355	1_00050.wav	1_00050.mp4	일반업종,집합금지업종,영업제한업종 중 어느것에 해당되실까요?
356	1_00051.wav	1_00051.mp4	  더블유 더블유 점 새희망자금 점 케이 알 로 들어가셔서 하면 됩니다
357	1_00052.wav	1_00052.mp4	  사업 대표자 본인이 직접 신청 할수 있고 본인 공인인증서와 대표자 본인명의 휴대폰 필요합니다
358	1_00053.wav	1_00053.mp4	  개인은 긴급 고용안정 긴급 생계지원 긴급돌봄 지원금이 있습니다.
359	1_00054.wav	1_00054.mp4	  코로나 재확산으로 소득이 감소한 특수형태근로종사자, 프리랜서 입니다.
360	1_00055.wav	1_00055.mp4	  지원금액은 일차에서 긴급고용안정지원금을 받은 특고 프리랜서는 오십만원 추가 지원, 일차 지원금을 미신청했으나, 소득이 감소한 신규 이십만명은 고용센터 신속 심사를 거쳐 백오십 만원(오십 만원×삼개월) 지원 됩니다.
361	1_00056.wav	1_00056.mp4	  홈페이지 재도전장려금 점 케이알 으로 들어가서 신청해주시면 됩니다.
362	1_00057.wav	1_00057.mp4	재도전장려금으로 오십만원을 지원하고 있습니다. 
363	1_00058.wav	1_00058.mp4	 현재 사회적 거리두기 이단계 입니다. 실내 오십인 이상 집합,모임, 행사가 금지되어 있습니다.
364	1_00059.wav	1_00059.mp4	  집합금지 조치를 위반할 경우, 구상권이 청구될 수 있습니다.
365	1_00060.wav	1_00060.mp4	  마스크 착용, 거리두기, 출입명부 작성하시면 됩니다.
366	1_00061.wav	1_00061.mp4	  고용유지지원금, 서울형 강소기업 청년인턴제, 코로나십구 극복을 위한 지역일자리사업이 있습니다.
367	1_00062.wav	1_00062.mp4	  고용유지 지원금은 최대 백만원을 지원해 드리고 있습니다
368	1_00063.wav	1_00063.mp4	  지원대상은 소기업에서 오일 이상 무급휴직한 근로자 를 대상으로 하고있습니다.
369	1_00064.wav	1_00064.mp4	  업체가 소재한 자치구에 신청서와 증빙서류를 접수하면 됩니다.
370	1_00065.wav	1_00065.mp4	  예산 초과시, 선정기준에 따라 지원자를 선정합니다.
371	1_00066.wav	1_00066.mp4	  집합금지 업종, 집합제한 업종, 영업제한 업종, 그 외 업종 순으로 선정합니다.
372	1_00067.wav	1_00067.mp4	  해외에 있는 가족한테 보낼 수 있습니다. 
373	1_00068.wav	1_00068.mp4	  한 명당 구십개까지 가능합니다. 
374	1_00069.wav	1_00069.mp4	  그 부분은 나라마다 상이할 수 있습니다. 
375	1_00070.wav	1_00070.mp4	  우체국 이용하시면 됩니다. 
376	1_00071.wav	1_00071.mp4	  한강내 주요밀집지역이 통제됩니다. 
377	1_00072.wav	1_00072.mp4	  한강내 여의도공원 이벤트광장이 통제됩니다. 
378	1_00073.wav	1_00073.mp4	  모든 주차장은 이십일시 이후 진입 불가합니다. 
379	1_00074.wav	1_00074.mp4	  대중교통에서 따로 집계된 통계는 없습니다. 
380	1_00075.wav	1_00075.mp4	일일 오 육 회 정도 실시합니다. 
381	1_00076.wav	1_00076.mp4	 버스정류장도 실시하고 있습니다. 
382	1_00077.wav	1_00077.mp4	  서울시 홈페이지에서 보실 수 있습니다. 
383	1_00078.wav	1_00078.mp4	 현재 편의점에서 음식 섭취도 이십 일시까지만 가능합니다. 
384	1_00079.wav	1_00079.mp4	 현재 명부를 관리하도록 권고하고 있습니다. 
385	1_00080.wav	1_00080.mp4	 지급대상자에게만 문자가 발송됩니다. 
386	1_00081.wav	1_00081.mp4	 일차와 이차로 나눠 질 것 같습니다. 
387	1_00082.wav	1_00082.mp4	사업장이 서울에 있는게 기준입니다. 
388	1_00083.wav	1_00083.mp4	중복신청 가능합니다. 
389	1_00084.wav	1_00084.mp4	 신청 후 최소 칠일이 소요됩니다. 
390	1_00085.wav	1_00085.mp4	  문자 수신 후 동주민센터에 방문하시면 됩니다. 
391	1_00086.wav	1_00086.mp4	 가구별 지원입니다.
392	1_00087.wav	1_00087.mp4	 가구원들을 포함해 가구에 한 번만 지원이 됩니다. 
393	1_00088.wav	1_00088.mp4	 서울복지포털에서 확인해 보실 수 있습니다. 
394	1_00089.wav	1_00089.mp4	 동거인은 별도가구로 신청하시면 됩니다. 
395	1_00090.wav	1_00090.mp4	 서울복지포털 홈페이지에서 하실 수 있습니다. 
396	1_00091.wav	1_00091.mp4	 지난해보다 소득이 이십 오프로이상 감소한 사람이 대상입니다. 
397	1_00092.wav	1_00092.mp4	 지원금 웹사이트에서 하시면 됩니다. 
398	1_00093.wav	1_00093.mp4	 고용복지센터에서 신청하시면 됩니다. 
399	1_00094.wav	1_00094.mp4	 네, 해외에 마스크를 보내실 수 있습니다. 
400	1_00095.wav	1_00095.mp4	희망자원금 대상자입니다. 
401	1_00096.wav	1_00096.mp4	 집합제한업종은 최대 백오십만원까지 받으실 수 있습니다. 
402	1_00097.wav	1_00097.mp4	일차 지원금을 받지 않은 분들이 대상입니다. 
403	1_00098.wav	1_00098.mp4	온라인 수업을 권유하고 필요하신 경우 긴급돌봄이 가능합니다. 
404	1_00099.wav	1_00099.mp4	아니요, 현재 파파라치 제도는 없습니다.
405	1_00100.wav	1_00100.mp4	  다른 나라도 있는 것으로 알고 있습니다.   독일 칠만원부터 이탈리아 백삼십육만원 등 다양하게 있습니다. 
406	1_00101.wav	1_00101.mp4	자가격리 위반에 대한 처벌은 있지만, 자가격리기간중에 만나신 것이 아니라면 할 수 없습니다. 
407	1_00102.wav	1_00102.mp4	이주간 일일 확진자수 오십명 미만입니다.
408	1_00103.wav	1_00103.mp4	이주간 지역사회 일일 확진자 수 오십~백명 미만입니다.
409	1_00104.wav	1_00104.mp4	  이주간 지역사회 일일 확진자 수 백에서 이백명 이상, 일주 이회 더블링 발생시가 삼단계 기준입니다.
410	1_00105.wav	1_00105.mp4	  특고프리랜서, 영세 자영업자, 무급휴직근로자의 생계안정을 위한 고용안정지원금이 있습니다.
411	1_00106.wav	1_00106.mp4	아이들도 마스크 착용하여야 하나 과태료 부과대상에서만 제외시킨 것입니다.
412	1_00107.wav	1_00107.mp4	네 바로 단속하도록 하겠습니다. 
413	1_00108.wav	1_00108.mp4	네 거리두기 이단계에서 삼백인 미만 학원을 갈 수 있습니다.
414	1_00109.wav	1_00109.mp4	  마스크 착용, 출입자 명부 작성, 거리두기 환기,소독 등 방역수칙이 의무화되어있습니다. 
415	1_00110.wav	1_00110.mp4	  거리 두기 조정 결과에 따라 달라집니다. 
416	1_00111.wav	1_00111.mp4	  온라인예배 준비모임에서 확진자가 발생하였습니다. 
417	1_00112.wav	1_00112.mp4	  손 씻기와 손소독제 사용으로 감염 위험성을 많이 낮출 수 있습니다.
418	1_00113.wav	1_00113.mp4	  의약외품, 식약처 허가?받은 제품을 구매하시는 것이 좋습니다. 
419	1_00114.wav	1_00114.mp4	  케이 에프는 코리안 필터의 약자로 케이에프 팔십은 팔십퍼센트, 케이 에프 구십 사 에스 엠 에스 구십 사 퍼센트 이상을 차단합니다. 
420	1_00115.wav	1_00115.mp4	  비말 차단이 되는 일회용 마스크의 경우 감염 차단에 효과가 있습니다. 
421	1_00116.wav	1_00116.mp4	정부에서 지원하는 양육수당이 있습니다. 
422	1_00117.wav	1_00117.mp4	  마스크 미착용시 신고 가능합니다. 
423	1_00118.wav	1_00118.mp4	  회사도 직원의 감염병 예방과 방역수칙?준수 등 시설 방역관리자 역할에 최선의 노력은 해야합니다. 
424	1_00119.wav	1_00119.mp4	거리두기 이단계에서 삼백인 미만 학원을 갈 수 있습니다. 
425	1_00120.wav	1_00120.mp4	보통 사회적 거리두기를 전개하면 일주~이주일 사이에 효과가 나타나는 것으로 판단합니다. 
426	1_00121.wav	1_00121.mp4	저소득층 자녀중 미취업 청년에게 지원됩니다.
427	1_00122.wav	1_00122.mp4	청년특별구직 지원금으로 오십만원씩 지원됩니다.
428	1_00123.wav	1_00123.mp4	  지금 중학생 대상으로 나와있는건 돌봄지원비 입니다.
429	1_00124.wav	1_00124.mp4	  비말은 공기중의 액체방울입니다.
430	1_00125.wav	1_00125.mp4	소독은 시장 자체적으로도 하고 지자체에서도 하고 있습니다.
431	1_00126.wav	1_00126.mp4	확진자와 이미터 이내로 접촉했거나 마스크를 착용하지 않으셨으면 자가격리 대상이 됩니다.
432	1_00127.wav	1_00127.mp4	배달하셔도 됩니다. 문 앞에 놓고 오시면 됩니다.
433	1_00128.wav	1_00128.mp4	연세가 칠십일 세시면 지금은 통신비가 지원되고 있어요.
434	1_00129.wav	1_00129.mp4	오일 이상 무급휴직자에세 오십만원씩 지원해 드려요.
435	1_00130.wav	1_00130.mp4	자가격리자에게 생활비지원을 해 드리고 있습니다.
436	1_00131.wav	1_00131.mp4	대상자에 따라 지원금이 다릅니다. 미취학아동, 초중생, 학교 밖 아동 입니다.
437	1_00132.wav	1_00132.mp4	인체에 무해한 소독약을 사용하고 있습니다.
438	1_00133.wav	1_00133.mp4	소상공인 지원금은 이천십구년 대비 이천 이십년 매출액이 감소하였거나 오월삼십일일 이전 창업 소상공인에 대해서는 육,칠월 평균 매출액보다 팔월 매출액이 적을 경우 신청 가능하십니다.
439	1_00134.wav	1_00134.mp4	일차 대상자에게 추석 이전에 문자가 발송되어 먼저 신청하실 수 있으시고 이후에도 대상자를 확인하여 연락드릴 예정입니다.
440	1_00135.wav	1_00135.mp4	아직 정확하게 정해진건 없습니다
441	1_00136.wav	1_00136.mp4	팔월 이십칠일부터 입니다.
442	1_00137.wav	1_00137.mp4	수도권 외 지역은 실내 오십인 이상, 실외 백인 이상 집합,  모임, 행사 자제 권고를 하고 있습니다.
443	1_00138.wav	1_00138.mp4	오후 아홉시까지 정상영업이고, 오후 아홉시 이후부터는 음식포장 및 배달만 허용됩니다.
444	1_00139.wav	1_00139.mp4	전국역 하루 이회이상 열차안 이에서 사회 방역을 하고 있습니다. 
445	1_00140.wav	1_00140.mp4	역내에 열화상카메라가 설치되어 있습니다.
446	1_00141.wav	1_00141.mp4	손소독제가 배치되어 있습니다.
447	1_00142.wav	1_00142.mp4	열차네 향균필름이 부탁되어 있습니다.
448	1_00143.wav	1_00143.mp4	온라인 청년센터에서 접수하시면 됩니다.
449	1_00144.wav	1_00144.mp4	  총 이개월간 월 백 팔십 만원 지급됩니다. 
450	1_00145.wav	1_00145.mp4	  취업, 영리활동의 비자를 소지, 서울시에 외국인 등록한지 구십일치 초과, 가구원 소득금액이 중위소득 백이하이시면 가능합니다
451	1_00146.wav	1_00146.mp4	  사인까지 사십만원 오인~육인까지 오십만원입니다.
452	1_00147.wav	1_00147.mp4	 이십년 팔월 또는 구월 소득이 과거에 비해 이십오 퍼센트로 감소인자 입니다.
453	1_00148.wav	1_00148.mp4	  일반업종 연 매출 사억 이하이며 현재 사업을 하고 있어야 합니다.
454	1_00149.wav	1_00149.mp4	  뷔페, 노래연습장, 피씨방등 고위험 시설을 말합니다.
455	1_00150.wav	1_00150.mp4	  소상공인진흥공단이나 지방자치 단체에 신청하시면 됩니다.
456	1_00151.wav	1_00151.mp4	  집합금지업종은 이백만원, 프랜차이즈형 커피전문점, 교습소등 집합제한 업종은 백오십 만원 전년대비 매출감속 소상공인은 백만원입니다.
457	1_00152.wav	1_00152.mp4	  소상공인시장진흥공단사이트에서 이수가능합니다.
458	1_00153.wav	1_00153.mp4	맞습니다. 광주는 따로 지원금이 있습니다.
459	1_00154.wav	1_00154.mp4	저소득 위기가구에 한시적으로 긴급생계지원사업을 하고 있습니다.
460	1_00155.wav	1_00155.mp4	사인가구기준 중위소득 칠십오 퍼센트이하 재산이 삼억이하 등 조건에 맞는 저소득 가구입니다.
461	1_00156.wav	1_00156.mp4	  복지로 홈페이지를 통해 본인 인증후 신청 가능합니다.
462	1_00157.wav	1_00157.mp4	  소독시에는 창물을 열어 환기하고 청소및 소독 작업을 할때는 일회용 장갑 마스크 일회용 방수 긴팔가운을 착용해 야합니다.
463	1_00158.wav	1_00158.mp4	  티슈형소독제, 알코올, 차아염소산나트륨 희석액등이 잇습니다. 
464	1_00159.wav	1_00159.mp4	어린이집 방역지침을 안내해드리겠습니다.
465	1_00160.wav	1_00160.mp4	맞습니다 마스크를 꼭 착용하고 있어야 합니다.
466	1_00161.wav	1_00161.mp4	  버스정류소 승차대 사천 팔십 일개소에 대하여 주 일회 집중 방역소득을 실시하고 있습니다.
467	1_00162.wav	1_00162.mp4	  버스정류소 승차대의 의자, 정보판, 디지털노선도등 방역을 하고 있습니다. 
468	1_00163.wav	1_00163.mp4	  고의적 이지 않기 보상은 따로 없습니다.
469	1_00164.wav	1_00164.mp4	  확원은 코로나 십구 감염증 확산 방지를 위해 고강도 사회적 거리두기를 시행하고 있습니다.
470	1_00165.wav	1_00165.mp4	  삼백만원의 벌금을 부과합니다.
471	1_00166.wav	1_00166.mp4	  손세정제 사용 의무화 입니다.
472	1_00167.wav	1_00167.mp4	  학생등,하원시 체온기록 및 등원 명부 작성 하셔야 합니다. 
473	1_00168.wav	1_00168.mp4	  사업주는 이십일시까지만 정상영업가능 이십일시부터 익일 다섯시까지 음식 포장 배달만 허용됩니다.
474	1_00169.wav	1_00169.mp4	  헬스장, 골프장, 당구장, 배드민턴장등 실내 체육시설에서의 집단 감염을 막기위하여 집함금지입니다.
475	1_00170.wav	1_00170.mp4	  학습지교사,강사, 방과후광사등 프리랜서 지원 받을수 있습니다.
476	1_00171.wav	1_00171.mp4	노무비제공확인서와 본인통장 서류가 필요합니다. 
477	1_00172.wav	1_00172.mp4	  교육청이나 해당 학교에서 서류를 뗄수 있습니다. 
478	1_00173.wav	1_00173.mp4	  코로나 십구이 아이 점 쥐 오 점 케이 알에서 신청가능하며 신청일에 따라 신청가능합니다.
479	1_00174.wav	1_00174.mp4	  월 오십 만원씩 삼개월간 백 오십만원 지원됩니다.
480	1_00175.wav	1_00175.mp4	  집합금지 조치 되었습니다
481	1_00176.wav	1_00176.mp4	  십구~이십년도구직지원프로그램 참여자면 대상이 됩니다. 
482	1_00177.wav	1_00177.mp4	  노인시설 면회전면금지, 종사자도 출퇴근 금지입니다. 
483	1_00178.wav	1_00178.mp4	  클럽,룸살롱, 유흥주점, 콜라텍등입니다. 
484	1_00179.wav	1_00179.mp4	  마스크 착용하기, 삼십초 손씻기, 기침은 옷소매로 가려서 하기등이 있습니다.
485	1_00180.wav	1_00180.mp4	  가능하시다면 집안에 소독제를 배치하시는것도 좋습니다. 
486	1_00181.wav	1_00181.mp4	  일인가구사십만원 이인가구 육십만원, 삼인가구 팔십만원, 사인가구 백만원 지원예정입니다.
487	1_00182.wav	1_00182.mp4	  창문은 삼분의 일이상 열어둔체 가동하도록 합니다. 
488	1_00183.wav	1_00183.mp4	  열이나거나 기침,가래, 근육통, 코막힘이 있다면 집에서 삼~사일 머물러 주세요
489	1_00184.wav	1_00184.mp4	  이차재난지원금은 선별시급됩니다.
490	1_00185.wav	1_00185.mp4	  집합제한업종 삼가지로 구분하여 백만원~이백만원 지원합니다.
491	1_00186.wav	1_00186.mp4	대도시 기준 재산이 육억원이며 중도시일경우 삼점 오억원 농어촌은 삼억이하이면 신청가능합니다.
492	1_00187.wav	1_00187.mp4	  이십이년 취업성공폐키지, 구직지원로그램종료와 신규 참여자가 신청 가능합니다.
493	1_00188.wav	1_00188.mp4	  일일 최대 일000명까지 제한하면 입장시 OR코드나 수기 개인정보 기재후 입장가능합니다.
494	1_00189.wav	1_00189.mp4	  매일 환기해주시고 소독도 일일 이회이상 해주세요 
495	1_00190.wav	1_00190.mp4	  영유아가 새로 입실하는 경우 적어도 입실 당일에는 사전고나찰실에서 관찰또는 모자가 같은방을 사용하게 해주세요 
496	1_00191.wav	1_00191.mp4	  신청 개시일로부터 삼개월 내애 긴급재난 지원금 신청하지 않으면 자발적 기부로  기부됩니다.
497	1_00192.wav	1_00192.mp4	  종합소득산출세액에서 십오퍼센트 공재해주고 지방소득세에서도 기부금의 일점 오퍼센트 자동감면 됩니다.
498	1_00193.wav	1_00193.mp4	  재난 지원금 문의는 일삼삼구로 전화 혹은 각 시의 홈페이지를 참고하여 주시기 바랍니다.
499	1_00194.wav	1_00194.mp4	  에이차 재난지원금은 선별지급이며 코로나감염사태로 피해를 입은 분들 대상으로 지급하기로 결정 되었습니다.
500	1_00195.wav	1_00195.mp4	  대상 확인은 '새희망자금' 홈페이지에서 가능합니다.
501	1_00196.wav	1_00196.mp4	  세대주가 신청할 수 있습니다.
502	1_00197.wav	1_00197.mp4	  업체에 따라 차등지급을 하고있어 심사를 거쳐야 확인하실 수 있습니다. 
503	1_00198.wav	1_00198.mp4	  이번 이차 재난지원금은 선별지급으로 코로나감염사태로 인한 피해를 입은 분들 대상으로 지급하기로 결정이 되었습니다.
504	1_00199.wav	1_00199.mp4	  코로나로 인해 매출이 하락한 소상공인 대상으로 지급하는 제도입니다.
505	1_00200.wav	1_00200.mp4	  정부에서 국세청 납세 신고자료를 검토하여 매출 하락이 확인되는 경우 지원할 예정입니다. 
506	1_00201.wav	1_00201.mp4	  아니요 콜라텍 등의 유흥주점은 지원대상에서 제외됩니다. 
507	1_00202.wav	1_00202.mp4	  코로나 확진자 발생시 역학조사를 위해 필요한 절차기때문에 작성해주셔야합니다.
508	1_00203.wav	1_00203.mp4	  물론 악용되는 사례도 있지만 그 피해를 최소화하기 위해 출입명부관리 강화를 하고 있습니다.
509	1_00204.wav	1_00204.mp4	  폐기조치를 불이행면 삼백만원 이하의 벌금을 내고 개인정보 유출의 경우 오년이하의 징역 또는 오천만원 이하의 벌금을 내야합니다. 
510	1_00205.wav	1_00205.mp4	  거짓으로 작성하시면 역학조사에 있어 큰 혼란을 초래할 수 있습니다. 
511	1_00206.wav	1_00206.mp4	  역 안에서 열체크를 하시기 때문에 증상이 있으신 분들은 바로 격리됩니다. 
512	1_00207.wav	1_00207.mp4	조건이 맞지 않으면 환수조치 합니다. 
513	1_00208.wav	1_00208.mp4	  서울시 중위소득 백퍼센트 이하 저소득층 근로자, 영세 자영업자, 아르바이트생, 프리랜서, 건설직 근로자 등이 포함된 가구를 대상으로 합니다.
514	1_00209.wav	1_00209.mp4	  국민 외식비용 지원금은 금요일 오후 사시부터 일요일 밤 일이시 사이에 각각 이만원 이상에 누적 다섯번 이상 외식을 하면 여섯번째 외식비 결제 시 일만원이 환급됩니다.
515	1_00210.wav	1_00210.mp4	  필수적 사회경제활동 외 모든 활동 원칙적 금지입니다. 
516	1_00211.wav	1_00211.mp4	  시내나 시외 그리고 농어촌버스의 비수익 노선 운행전에 필요한 재정지원을 해 드립니다.
517	1_00212.wav	1_00212.mp4	  코로나십구발생으로 운송구입금이 전년동기 이십십구년삼월그리고 이십이십년삼월 대비 이십퍼센트 이상 감소한 업체가 해당됩니다.
518	1_00213.wav	1_00213.mp4	  사회적 거리두기 강화로 운영제한을 받고 있는 집단감염 위험시설이 선정기준이며  시설당 삼십만원이 지급됩니다. 신천지는 제외됩니다. 
519	1_00214.wav	1_00214.mp4	  긴급지원금신청서 개인정보제공동의서 고유번호증 사본 대표자 명의통장사본이 필요합니다.
520	1_00215.wav	1_00215.mp4	외식업체 정부 육성자금 융자 지원이 있습니다.
521	1_00216.wav	1_00216.mp4	  대출액의 백퍼센트 이상 국산 식재료구입 코로나십구대응 이십이십년 대출업체에 한해 한시적으로 완화하는 지원내용입니다.
522	1_00217.wav	1_00217.mp4	  음식점 개설 또는 개보수관련 비용 임차보증금 매장 신축 인테리어 공사 주방시설 설비설치 비품 집기 구입등의 지원 내용입니다.
523	1_00218.wav	1_00218.mp4	한부모가족의 생활안정을 위한 긴급지원이 정부 코로나 십구지원이 세대당 사십만원 가능합니다.
524	1_00219.wav	1_00219.mp4	  소비쿠폰을 지급하고 있습니다,
525	1_00220.wav	1_00220.mp4	고용노동부 광주지방고용노동청 군산지청 지역협력과에서  근로자 일인당 일팔십만원의 최저임금기준으로 주 사십시간기준으로 지원합니다.
526	1_00221.wav	1_00221.mp4	  수급아동에게 일인당 사십만원이 지급됩니다.
527	1_00222.wav	1_00222.mp4	  이십이십년 삼월기준 만 칠세 미만 아동수당 수급아동에 해당됩니다.
528	1_00223.wav	1_00223.mp4	  가족 중 확진자나 의심자가 있거나 어린이집 유치원 학요 개학연기로 긴급휴가사용 근로자가 대상이십니다.
529	1_00224.wav	1_00224.mp4	이비에스에서 데이터를 현재 무료 지원해주고 있습니다.
530	1_00225.wav	1_00225.mp4	상담제공쁜 아니라 애로사항 접수도 도와 드리고 있습니다.
531	1_00226.wav	1_00226.mp4	  특허청 산업재산정책국 지역산업재산과입니다.
532	1_00227.wav	1_00227.mp4	  일육육일 십구공공 입니다.
533	1_00228.wav	1_00228.mp4	  코로나 십구의 지역사회 확산방지를 위해 영업손실을 감수하면서 사업장 자진휴업에 자발적으로 동참하는 다중시설의 경영난을 일정 지원해 드리고 있습니다.
534	1_00229.wav	1_00229.mp4	  노원구 관내 노래방 피씨방 체육시설을 다중이용시설이라고 명칭합니다.
535	1_00230.wav	1_00230.mp4	  교육부 점검결과 구십구 점 팔퍼센트로 특별소독을 완료했습니다
536	1_00231.wav	1_00231.mp4	  일사일동안 학교에 오지 않도록 합니다.
537	1_00232.wav	1_00232.mp4	  학교에 나왔던 모든 학생과 교직원은 자가 격리에 들어갑니다.
538	1_00233.wav	1_00233.mp4	  그것에 대한 지침은 전문가와의 협의하에 지침을 마련할 것입니다.
539	1_00234.wav	1_00234.mp4	  실내 운영자 간 간격을 최소  일-이미터이상 유지하는등 필수 방역지침을 반드시 준수하여야합니다.
540	1_00235.wav	1_00235.mp4	  학교가 준수해야할 코로나 십구의 기본방향과 개학전후 준비 및 실행사항과 학교 내 의심증상자 발생과 같은 유사시 요령등이 있습니다. 
541	1_00236.wav	1_00236.mp4	  학교는 개학전에 전문업체에 위탁하여 학교 전체에 대한 특별소독을 완료하여야합니다.
542	1_00237.wav	1_00237.mp4	  체육수업은 거리두기가 가능한 종목으로만 수업이 가능합니다.
543	1_00238.wav	1_00238.mp4	  학교장 사전허가를 받고 증빙서류를 제출하면 역시 출석으로 인정하기로 했습니다.
544	1_00239.wav	1_00239.mp4	  코로나십구 확산에 따라 방역 위생물품 구매 증가로 경제적 어려움을 겪고 있는 아동양육 가구에게 한시적으로 지원 해 드리는 겁니다.
545	1_00240.wav	1_00240.mp4	  코로나로 인해 집에 있는 학교 밖 청소년들의 식생활 지원을 하기 위한 지원입니다.
546	1_00241.wav	1_00241.mp4	  계산시 비대면기기 또는 투명칸막이 등을 설치하는 등 방법으로 가금적 고객과 마주보지 않도록해야 합니다.
547	1_00242.wav	1_00242.mp4	  대기자 발생 시 번호표를 활용하거나 대기자 간 간격을 두고 대기하도록 안내하셔야 합니다.
548	1_00243.wav	1_00243.mp4	  예 위반시 과태료를 관리자 및 운영자에게 삼백만원 이용자 십만원의 부과됩니다.
549	1_00244.wav	1_00244.mp4	  다중이용시설이란 불특정다수인이 이용하는시설을 말합니다.
550	1_00245.wav	1_00245.mp4	  에 방역지침이 내려져 있습니다. 하지만 조금이라도 방심하면 감염이 되니 주의하셔야합니다.
551	1_00246.wav	1_00246.mp4	코로나 상황엔 어디서도 마스크는 필수입니다.
552	1_00247.wav	1_00247.mp4	사업주님께서 설치 이용 가능하게 준비하셔야합니다.
553	1_00248.wav	1_00248.mp4	그렇습니다.  코로나로 인해 어려움을 겪고있는 임업인을 위해 경제적 부담을 완화시켜 드리기 위함입니다.
554	1_00249.wav	1_00249.mp4	  국유임산물 계약후 반출기간 연장과 함께 자동 적용됩니다.
555	1_00250.wav	1_00250.mp4	화훼농가의 안정적인 생산, 출하유도를 위한 출하선도금 융자지원이 있습니다.
556	1_00251.wav	1_00251.mp4	  긴급생활안정자금 융자 지원이 있습니다.
557	1_00252.wav	1_00252.mp4	  피공제자 적립금액의 오십퍼센트 범위에서 최대 이백만원까지 무이자 대부를 해드립니다.
558	1_00253.wav	1_00253.mp4	  제이차 소상공인 지원금액인 백 오십만원을 지원받으실 수 있습니다.
559	1_00254.wav	1_00254.mp4	  방역지침을 잘 지키신다면 문제없습니다.
560	1_00255.wav	1_00255.mp4	  우선 보건소 담당자와의 연락망을 확보하여 연락체계를 구축해주시기 바랍니다.
561	1_00256.wav	1_00256.mp4	  침방울이 튀는 행위나 악수, 포옹은 자제해주시기 바랍니다. 또한, 마스크를 무조건 착용하시고, 다른 사람과 최소 이 미터이상 거리를 두시기 바랍니다.
562	1_00257.wav	1_00257.mp4	  가급적 조문과 위로는 간략하게 하시고 삼십분이상 머물지 않는 것이 좋습니다.
563	1_00258.wav	1_00258.mp4	  코로나십구의 전파로부터 시설, 사업장, 동호회 모임을 보호하는 역할을 합니다.
564	1_00259.wav	1_00259.mp4	  위험도 자가 평가는 공동체의 특성을 고려하여 자체적으로 평가 주기를 결정하여 수행하면 됩니다.
565	1_00260.wav	1_00260.mp4	  공기청정기와 관계없이 주기적으로 환기를 권합니다.
566	1_00261.wav	1_00261.mp4	  환기를 통해 코로나 십구 바이러스가 들어있는 침방울의 공기 중 농도를 낮출 수 있기 때문입니다.
567	1_00262.wav	1_00262.mp4	  완벽하게 통제할 수는 없으나 모두가 방역지침을 준수하려 노력한다면, 감염전파의 위험성을 낮출 수있습니다.
568	1_00263.wav	1_00263.mp4	  만약 양성 판정이 나오면 병원측에서 별도로 격리된 곳에서 출산을 하시게 될 것입니다.
569	1_00264.wav	1_00264.mp4	  하지만, 계속 불안해하시면 아이에게도 영향이 가니 아이를 생각해서라도 출산까지 힘내주시기 바랍니다. 
570	1_00265.wav	1_00265.mp4	  네, 코로나십구 장기화로 매출 타격을 받고 있는 소상공인과 생계에 어려움을 겪는 취약계층 가구를 대상으로 도시가스 요금 납부 부담을 완화해드립니다.
571	1_00266.wav	1_00266.mp4	  무증상자를 대상으로 이루어지는 검사방법입니다.
572	1_00267.wav	1_00267.mp4	선별진료소는 유증상자들이 검사받는 곳이라 별로도 구분하기 위하여 별도의 장소에서 진행합니다.
573	1_00268.wav	1_00268.mp4	  하지만, 그렇다해서 행사를 막을 수는 없습니다.
574	1_00269.wav	1_00269.mp4	  심야시간에 방역수칙을 잘 지키고 있는지 점검할 예정입니다.
575	1_00270.wav	1_00270.mp4	  적발되면 바로 현장에서 퇴출시키고 집합금지명령을 내립니다
576	1_00271.wav	1_00271.mp4	  집회는 가능하시나 십인 이상의 집회는 금지되어있습니다.
577	1_00272.wav	1_00272.mp4	  한강공원에서도 모임을 멈추자는 취지로 시행하는 제도입니다.
578	1_00273.wav	1_00273.mp4	  서울시 홈페이지에서 확진자수를 보시면 됩니다
579	1_00274.wav	1_00274.mp4	  되도록 비대면으로 결제해주시길 바랍니다.
580	1_00275.wav	1_00275.mp4	  자택격리자에게는 도시락이 제공되지 않습니다.
581	1_00276.wav	1_00276.mp4	  사회보장정보시스템에서 가능합니다.
582	1_00277.wav	1_00277.mp4	소독 후 운영할 수 있습니다.
583	1_00278.wav	1_00278.mp4	현재는 군인들의 휴가는 금지된 상황 입니다.
584	1_00279.wav	1_00279.mp4	사회적거리두기 이단계가 상당기간 지속됨에따라 경제에 미치는 영향이 크고 국민들의 피로도가 가중되어 낮추게 되었습니다
585	1_00280.wav	1_00280.mp4	회사나 집에서 가까운 곳을 도보로 이용하시거나, 자차를 이용하시기 바랍니다
586	1_00281.wav	1_00281.mp4	마스크 착용을 하셔야 합니다. 또한, 음식 섭취를 제한하고 있습니다
587	1_00282.wav	1_00282.mp4	제주도에서 확진판정되는 경우 제주도에서 치료 받아야 합니다.
588	1_00283.wav	1_00283.mp4	  사람마다 다를수 있으며 또한 증상마다 다를 수 있습니다
589	1_00284.wav	1_00284.mp4	건강에 도움이 되는 비타민 과일 야채같은 음식을 드시기를 권장 드립니다.
590	1_00285.wav	1_00285.mp4	  코로나 블루는 코로나로 인한 우울증을 뜻합니다
591	1_00286.wav	1_00286.mp4	  기약은 없지만 함께 노력하면 줄일 수 있습니다
592	1_00287.wav	1_00287.mp4	  결혼식이 가능하지만, 여러가지 제한이 있을 수 있습니다.
593	1_00288.wav	1_00288.mp4	  교육청 지침으로는 철저한 방역아래 문을 열수 있다고 되어 있습니다.
594	1_00289.wav	1_00289.mp4	  보건소나 학원의 연락을 받으시면, 반드시 외출을 자제하시고 지침에 따라야 합니다.
595	1_00290.wav	1_00290.mp4	노약자의 경우는 면역력이 떨어질 가능성이 높으며 요양원은 어르신들이 모여 생활 하시기 때문에 아무래도 상대적으로 집단 발병률이 높습니다.
596	1_00291.wav	1_00291.mp4	  아 그래요. 현재 사회적 거리두기 이점 오단계 에서는 스터디카페 운영 중단을 권고 하고 있습니다 
597	1_00292.wav	1_00292.mp4	  일상생활에 변화들이 많아져 무기력함과 우울을 호소하는 학생들이 늘어나고 있습니다
598	1_00293.wav	1_00293.mp4	클린도서대출은 미리 대출신청하신 도서에 한하여 도서관 로비에서 대출 가능한 서비스 입니다.
599	1_00294.wav	1_00294.mp4	코로나확산 때문에 옆자리는 비우고 한자리씩만 판매중 입니다.
600	1_00295.wav	1_00295.mp4	함께 사는 가족과 같은 차량에 탑승 하신다는 건가요?  그런 경우에는 차량내에서 마스크 착용 하지 않으셔도 됩니다.
601	1_00296.wav	1_00296.mp4	  학교는 학생들이 많기 때문에, 보건용 마스크를 권장하고 있습니다.
602	2_00001.wav	2_00001.mp4	아리수 사이버고객센터에서 확인하실 수 있습니다.
603	2_00002.wav	2_00002.mp4	더블유더블유더블유 쩜 아이일이일 쩜 에스디오유엘 쩜 쥐오 쩜 케이알 입니다.
604	2_00003.wav	2_00003.mp4	서울시 수도사업소 요금과에 문의하시면 고객번호 조회가 가능합니다.
605	2_00004.wav	2_00004.mp4	수도요금 납부 시간은 오전 아홉시부터 오후 네시까지 입니다.
606	2_00005.wav	2_00005.mp4	수도 요금 납부 방법으로는 청구서 납부, 자동납부, 인터넷납부, 편의점 납부 방법이 있습니다.
607	2_00006.wav	2_00006.mp4	한국은행을 제외한 전국 은행에서 납부가능합니다. 
608	2_00007.wav	2_00007.mp4	수도요금을 자동이체 신청하시면 상수도요금의 일퍼센트 감면 혜택을 받으실 수 있습니다.
609	2_00008.wav	2_00008.mp4	이사정산 수도요금은 기본요금과 상수요금, 하수요금, 물부담금을 합하여 정산됩니다
610	2_00009.wav	2_00009.mp4	수도요금을 계산할 때 기본단가 천팔십원에 한달 기준인 삼십일을 나눈 후 사용기간을 곱해주면 됩니다. 
611	2_00010.wav	2_00010.mp4	재건축으로 건물이 철거되어 수도를 사용하지 않을 때는 급수전 폐전신청을 해야 합니다.
612	2_00011.wav	2_00011.mp4	수도요금이 평상시의 평균사용량보다 월등하게 격증한 경우 수도 요금 조정심의위원회를 통해 구제받으실 수 있습니다. 
613	2_00012.wav	2_00012.mp4	수도요금 누수감액 신청 절차는 관할 수도사업소에 누수를 증빙할 서류를 가지고 방문신청하거나 팩스로 보내주시면 됩니다. 
614	2_00013.wav	2_00013.mp4	수도요금 누수감액 증빙 서류에는 수리영수증, 누수전후 사진 등이 있습니다. 
615	2_00014.wav	2_00014.mp4	옥외누수 신고는 연중 이십사시간 관할수도사업소나 일이공번으로 신고하시면 됩니다. 
616	2_00015.wav	2_00015.mp4	옥외누수를 신고하신분들 중 심사를 거쳐 문화상품권을 지급합니다. 
617	2_00016.wav	2_00016.mp4	자주 발생하는 원인은 양변기내 고장이며, 옥내배관 노후로 인한 배관 파열, 보일러, 세탁기와 수도꼭지 연결부분, 정수기 접합부분등에서 주로 발생하고 있습니다. 
618	2_00017.wav	2_00017.mp4	서울시 상수도사업본부 홈페이지에서 확인하실 수 있습니다. 
619	2_00018.wav	2_00018.mp4	수질등급은 매우좋음, 좋음, 약간좋음, 보통, 약간나쁨, 나쁨, 매우나쁨으로 구분되어집니다. 
620	2_00019.wav	2_00019.mp4	수질 등급은 정수센터에서 실시간으로 측정 후 이십분마다 자동 업데이트 됩니다. 
621	2_00020.wav	2_00020.mp4	수도계량기 고장으로 계량기 교체하고자 할 경우 수동계량기 교체 온라인 민원 신청 가능하십니다. 
622	2_00021.wav	2_00021.mp4	수도 계량기 교체 비용은 계량기 대금과 설치비용이 부과됩니다. 
623	2_00022.wav	2_00022.mp4	수도요금 소유자 명의변경 신고는 아리수 사이버 고객센터에서 온라인 민원신청으로 가능하십니다. 
624	2_00023.wav	2_00023.mp4	수도요금 소유자 명의변경 처리부서는 수도사업소 행정지원과입니다. 
625	2_00024.wav	2_00024.mp4	수도요금 전자고지를 신청하시면 상수도요금의 일퍼센트를 감면해드립니다. 
626	2_00025.wav	2_00025.mp4	수도요금 결제일은 해당 납기월 이십삼일에 고정적으로 자동납부됩니다. 
627	2_00026.wav	2_00026.mp4	임시급수 보증금이란 단기간에 한시적으로 사용하고자 하는 수도시설에 대한 사전보증성격으로 삼개월 추정사용량에 해당하는 요금을 사전 징수하여 시금고 대행은행에 예치하는 금액을 말합니다. 
628	2_00027.wav	2_00027.mp4	임시급수 보증금 정산은 현금 납부한 경우 행정지원과에서 요금과에 폐전처리 및 보증금 환불통보에 의해 보증금 납입자 여부를 확인하는 서류를 받아 환불합니다. 
629	2_00028.wav	2_00028.mp4	역류방지밸브를 설치하는 이유는 누수사고 등 갑작스런 단수시 옥내의 정체된 물이나 오염물질의 역류로 인한 수질오염사고를 방지하기위함입니다. 
630	2_00029.wav	2_00029.mp4	수도 계량기 비교유량시험은 현장에서 계량기 이상 여부를 판단하는 시험입니다. 
631	2_00030.wav	2_00030.mp4	수질검사 신청은 수돗물 수질관련 불편사항이 있으실 경우 다산콜센터, 아리수 사이버고객센터 홈페이지 민원신청에서 수질검사를 신청하실 수 있습니다. 
632	2_00031.wav	2_00031.mp4	수도가 얼어서 물이 안나온다면 계량기쪽에 미지근한 물을 부어보거나 헤어 드라이기로 녹여보시면 작동이 될 수도 있습니다. 
633	2_00032.wav	2_00032.mp4	월별 수도요금은 상수도사업본부 홈페이지에서 확인하실 수 있습니다. 
634	2_00033.wav	2_00033.mp4	하수도 냄새는 보통 하수찌꺼기가 쌓여서 발생합니다. 
635	2_00034.wav	2_00034.mp4	하수도 냄새가 날 때 일단 악취방지 맨홀 뚜껑과 커텐을 설치합니다. 
636	2_00035.wav	2_00035.mp4	서울시 국민 기초수급자의 상하수도요금 감면액은 일세대당 월 삼천육백원 감면됩니다.
637	2_00036.wav	2_00036.mp4	본인시 수도검침을 하시면 회당 육백원을 할인해주는 서울시 수도요금 자가검침제도 혜택 있습니다.
638	2_00037.wav	2_00037.mp4	상수도 요금은 기본요금을 제외한 사용요금은 누진율이 적용됩니다.
639	2_00038.wav	2_00038.mp4	녹물이 나오는 것은 내부 배관이 노후되어 발생합니다.
640	2_00039.wav	2_00039.mp4	내부배관을 내식성 배관으로 교체하셔야 합니다.
641	2_00040.wav	2_00040.mp4	구십사년 이전에 건축된 주택은 수도관 교체 공사비의 팔십 프로를 지원합니다.
642	2_00041.wav	2_00041.mp4	월별 수도요금은 상수도사업본부 홈페이지에서 확인하실 수 있습니다. 
643	2_00042.wav	2_00042.mp4	자동이체 신청일이 이십오일 이후시면 다음달부터 자동이체 서비스가 적용됩니다. 
644	2_00043.wav	2_00043.mp4	주소지 관할 수도사업소에 연락하시 동파 접수를 해주시면 됩니다. 
645	2_00044.wav	2_00044.mp4	수도 요금 고객번호는 고지서에서 확인하실 수 있습니다. 
646	2_00045.wav	2_00045.mp4	현재 미납분으로 인해서 수도가 끊긴 상황입니다. 다시 연결하시려면 미납분을 다 납입하셔야 합니다. 
647	2_00046.wav	2_00046.mp4	상하수도사업소 연락하면 담당직원이 현장을 방문하여 누수되는 지점을 찾아 드립니다.
648	2_00047.wav	2_00047.mp4	다산콜센터 일이공 또는 관할 수도사업소로 전화하시면 됩니다.
649	2_00048.wav	2_00048.mp4	소유자 명의변경, 자동납부 신규, 해지, 수도요금 바로알림 신규, 해지, 전자고지 신규, 해지가 있습니다.
650	2_00049.wav	2_00049.mp4	급수중지해제신청 하시면 됩니다.
651	2_00050.wav	2_00050.mp4	혹시 배수관 주변에 많이 물건이 적재되어 있거나 배수구 거름망을 확인해주세요.
652	2_00051.wav	2_00051.mp4	수도요금 명의변경 신청은 사업소 방문이나 인터넷, 전화,팩스로 가능하십니다.
653	2_00052.wav	2_00052.mp4	수도 요금 명의변경신청의 명의변경에는 건축물 관리 대장, 등기권리증등 의 서류가 필요합니다.
654	2_00053.wav	2_00053.mp4	수도 이용 부담금은 환경기초시설 설치운영비지원, 주민지원사업, 수역지역토지매입 및 수변녹지조성사업, 상수원수질개선 등에 필요로 합니다.
655	2_00054.wav	2_00054.mp4	수도 이용 부담금은 수질개선사업, 수변구역의 토지를 매입하거나 수변생태벨트조성, 상수원관리지역의 주민지원사업 ,환경기초시설을 설치운영하는데 쓰이고 있습니다.
656	2_00055.wav	2_00055.mp4	수도검침은 서울시전지역을 홀수달,짝수달로 나누어 두달에 한번 검침원이 직접 검침을 하고 있습니다.
657	2_00056.wav	2_00056.mp4	수도점검 검침일은 각 가정에 따라 전월 이십일 일부터 당월 팔 일까지하며 요금은 당월 말일까지 납부합니다.검침일 표기는 고지서 세번째 상단에 표기되어 있습니다.
658	2_00057.wav	2_00057.mp4	단기간에 한시적으로 사용하고자 하는 수도시설에 대한 사전보증성격으로 삼개월 추정사용량에 해당하는 요금을 사전 징수하여 시금고 대행은행에 예치하는 금액을 말합니다. 
659	2_00058.wav	2_00058.mp4	임시급수 보증금은 현금 납부한 경우 행정지원과에서는 요금과에서 폐전처리 및 보증금 환불통보에 의해 증금 납입자 여부를 확인하는 서류를 받아 환불처리 합니다. 
660	2_00059.wav	2_00059.mp4	환불신청서, 인감증명서, 사용인감계, 통장사본, 사업자등록증사본을 제출해주셔야 합니다. 
661	2_00060.wav	2_00060.mp4	역류방지밸브를 설치하는 이유는 누수사고 등 갑작스런 단수시 옥내의 정체된 물이나 오염물질의 역류로 인한 수질오염사고를 방지하기위함입니다. 
662	2_00061.wav	2_00061.mp4	수도요금 연체 시 납부기한이 경과한 날부터 육십 일이내에 십 일 이내의 납부기한을 정한 독촉장을 발부합니다.
663	2_00062.wav	2_00062.mp4	다자녀 가구 대상으로 전기세, 수도세 할인받으실 수 있습니다. 
664	2_00063.wav	2_00063.mp4	수도요금 업종변경신고서 작성하셔서 관할 수도사업소에 신청하시면 됩니다. 
665	2_00064.wav	2_00064.mp4	여러세대가 같은 시간에 사용시 수압이 일시적으로 낮아질 수 있습니다.
666	2_00065.wav	2_00065.mp4	수도요금 바로알림은 휴대전화 메시지로 수도요금 사용내역을 받아보실 수 있는 서비스 입니다.
667	2_00066.wav	2_00066.mp4	가정의 경우 수도 요금 누진세는 일에서 십톤 까지의 단가는 오백 칠십 원 십일 에서 이십톤은 칠백오십원이며 사용량에 따라 금액이 달라집니다.
668	2_00067.wav	2_00067.mp4	일이공번 다산콜센터 혹은 상수도 사업본부 홈페이지 민원신청 페이지에서 수질검사 신청이 가능하십니다.
669	2_00068.wav	2_00068.mp4	수질검사 항목은 잔류염소, 탁도, 철, 구리, 피에이치 다섯가지 부분이 있습니다. 
670	2_00069.wav	2_00069.mp4	오천 제곱미터 이상의 건축물은 저수조 수질검사 의무화 대상이 맞습니다. 
671	2_00070.wav	2_00070.mp4	매월 십칠에서 이십일일 사이 발송하고 있으며  훼손 또는 분실시 재발송 해드리고 있습니다.
672	2_00071.wav	2_00071.mp4	지방세 체납처분의 법률에 따라 수도요금이 체납될 시 압류 예고 후 압류 처분 됩니다.
673	2_00072.wav	2_00072.mp4	수돗물 안심 확인제는 직원이 직접 방문해서 무료로 수돗물을 검사해 드리는 제도 입니다.
674	2_00073.wav	2_00073.mp4	장기간 출장 등으로 인해 집을 비울시 급수중지 신청을 하실 수 있습니다.
675	2_00074.wav	2_00074.mp4	수도배관은 세면대, 싱크대물들이 수도배관을 타오는 물입니다
676	2_00075.wav	2_00075.mp4	온수배관은 중앙집중식의 보일러라면 온수를 공급해주는 배관입니다. 샤워부분, 싱크대부분에 들어 갑니다
677	2_00076.wav	2_00076.mp4	난방배관은 거실,방, 주방의 온돌에 쓰여지는 난방배관입니다
678	2_00077.wav	2_00077.mp4	서울은 수돗물이 일톤당 오백 육십 육 원정도 합니다
679	2_00078.wav	2_00078.mp4	국민 안심 수돗물 생산은 정수장 시설개선, 수장 운영관리 강화, 운영인력 전문성 강화를 하는 정책입니다.
680	2_00079.wav	2_00079.mp4	상수도현대와 사업은 노후상수관 교체를 위한 지방 상수도 현대화사업입니다.
681	2_00080.wav	2_00080.mp4	신축건물에서 동관을 사용한 세대에서 출수한 물이 푸르게 보이는 현상을 청수현상이라고 합니다.
682	2_00081.wav	2_00081.mp4	먹는 물의 수질기준은 독성이 있고 검출 가능성이 있는 물질 위주로 검사대상 우선순위 목록을 작성하고 3년 연속 수질검사를 합니다.
683	2_00082.wav	2_00082.mp4	위해기준은 세계보건기구에서 정한 허용위해수준의 십분의 일을 초과하는 경우를 말합니다.
684	2_00083.wav	2_00083.mp4	수질은 탁도, 잔류염소, 피에이치 농도를 기준으로 표시하고 있습니다.
685	2_00084.wav	2_00084.mp4	욕실과 주방 싱크대에서 내려가는 물은 가정용 정하조에 모이며, 거기서 슬러시를 침전시키고 하수만 하수관을 통해 종말 처리장으로 보내집니다.
686	2_00085.wav	2_00085.mp4	수돗물은 마셔도 됩니다.
687	2_00086.wav	2_00086.mp4	백수현상은 유입된 공기가 배관 내 강한 수압에 의해 매우 작은 기포가 형성되어 나타나는 현상입니다.
688	2_00087.wav	2_00087.mp4	수돗물 중의 미네랄 성분인 칼슘이나 마그네슘 등이 수분 증발 후 침전물로 나타나는 것입니다.
689	2_00088.wav	2_00088.mp4	 수돗물에 유입된 깔따구 유충이 관로상에서 증식하여 수돗물 공급 과정을 오염시킬 가능성은 희박하다고 합니다.
690	2_00089.wav	2_00089.mp4	하수도원인자부담금은 생활속에서 발생하는 오수와 하늘에서 내린 비인 우수가 하수관로에 모여 정화시키고 다시 재활용 하기위해 지방자치단체에서 공공하수처리시설을 설치,운영,보수등 이러한 정화작업의 원인을 발생시키는 사람에게 부담하는 비용입니다
691	2_00090.wav	2_00090.mp4	분류식 하수관로는 정화조나 오수처리시설없이 바로 하수처리시설로 보내 하수처리시설에서 오수를 처리하는 것을 말합니다
692	2_00091.wav	2_00091.mp4	수도계량기 동파예방을 위해 헌옷으로 계량기 주위를 감싸주셔셔 보온이 되도록 합니다 비닐로 계량기를 덮어서 찬 공기를 차단하면 효과는 더 좋습니다
693	2_00092.wav	2_00092.mp4	상수도 급수공사를 신청하려면 건축허가증과 급수공사 신청서 서류가 필요합니다
694	2_00093.wav	2_00093.mp4	수돗물 냄새의 대부분은 소독약품인 염소 냄새 일겁니다
695	2_00094.wav	2_00094.mp4	물을 받아 삼십분간 공기중에 두시면 잔류염소 휘발로 수돗물에서 소독약냄새가 줄어들겁니다
696	2_00095.wav	2_00095.mp4	분홍물때를 예방하기 위해서는 환기가 중요하고 이들 세균들은 염소에 약하기 때문에 염소계 세정제등을 사용하여 청소를 하시면 됩니다
697	2_00096.wav	2_00096.mp4	유충관련해서 대응책으로 서울시 자체적으로 활성탄지를 덮고 밀페 시설물의 방충망 상태,벌레침투 가능경로를 점검하였고 활성찬지 주변 웅덩이,방충망 등 벌레가 서식 할 수 있는 환경을 일체 정비 완료하였습니다
698	2_00097.wav	2_00097.mp4	서울시는 수돗물 유충 실태조사를 위한 전문가 중심 합동조사단을 구성하고 가동하고 있습니다
699	2_00098.wav	2_00098.mp4	인정조정은 계량기의 검침을 통해 수도요금이 부과하나 부득이하게 수도요금을 인정하는 경우를 말합니다
700	2_00099.wav	2_00099.mp4	수도요금납부증명원은 서울시 아리수 사이버 고객센터에서 민원신청을 해주시면 됩니다
701	2_00100.wav	2_00100.mp4	현재까지 발표된 연구 자료에 따르면 코로나 바이러스는 소독 저항성이 매우 낮아 정수처리공정으로 쉽게 처리가능하므로 수돗물에서 코로나 바이러스가 검출될 가능성이 없다고 알려졌습니다
702	2_00101.wav	2_00101.mp4	수도요금을 납부하지 아니한 자에 사전 정수처분예고 고지서를 발송합니다.
703	2_00102.wav	2_00102.mp4	정수처분은 수도요금 체납이 발생하여 단수되는 것을 말합니다.
704	2_00103.wav	2_00103.mp4	물이 적게나오는 원인은 수도인입관 구경과 옥내배관의 구경이 거주세대수에 비해 너무 적거나 내부에 녹이 발생하여 관경이 협소해진 경우 물이 적게 나올 수 있습니다.
705	2_00104.wav	2_00104.mp4	서울시 누수 감면제도가 그동안 감면되었던 양변기 누수에 따른 수도요금 감면이 제외되는 내용으로 변경되었습니다.
706	2_00105.wav	2_00105.mp4	양변기 물탱크의 부자와 마개의 위치와 정확한 작동유무를 확인하시고 탱크와 급수관 연결부, 급수조절장치가 마모되어 물이 새는지 확인하시면 됩니다.
707	2_00106.wav	2_00106.mp4	서울특별시 하수도사용료가 노후하수관로 교체, 방류수 수질 개선 등 시민안전과 신규 시설투자비용 대비 하수도사용료는 하수처리원가의 육십삼 퍼센트에 불과하여 부득이 인상하게 되었습니다.
708	2_00107.wav	2_00107.mp4	수도요금은 최근 코로나로 인해 한시적으로 납부 연장 실시하고 있습니다.
709	2_00108.wav	2_00108.mp4	하수도 요금은 구경별이용요금과 물이용부담금 두가지로 분류되어 처리됩니다. 
710	2_00109.wav	2_00109.mp4	요금이 평소보다 많이 나온경우 요금조정심의위원회를 통해 구제받으실 수 있습니다.
711	2_00110.wav	2_00110.mp4	정수장에서 투입한 소독약품인 염소 때문입니다.
712	2_00111.wav	2_00111.mp4	일곱 가지 항목으로 일반세균, 총 대장균이군, 대장균, 암모니아성 질소, 아연, 망간, 염소이온을 검사합니다.
713	2_00112.wav	2_00112.mp4	수도요금 신용카드 납부 방법은 인터넷납부, 에이알에스 납부, 편의점납부, 스마트납부가 있습니다.
714	2_00113.wav	2_00113.mp4	전국 편의점을 통해서 신용카드, 현금카드로 수도요금을 납부하실 수 있는 서비스입니다.
715	2_00114.wav	2_00114.mp4	스마트폰납부를 이용하시면 카카오페이로 수도요금을 납부하실 수 있습니다.
716	2_00115.wav	2_00115.mp4	폐전사유와 계량기의 지침, 신청인의 성명 및 휴대폰번호, 이사 갈 주소를 확인하여 폐전 접수를 해주시면 됩니다.
717	2_00116.wav	2_00116.mp4	세무서 및 주택공사 등의 기관에 제출용으로 완납증명서 신청 시 수도사업소 행정지원과에서 발부하고 있으며 방문이나, 우편, 팩스로도 받을 수 있습니다. 
718	2_00117.wav	2_00117.mp4	수도 계량기 파손 사유에 따라 비용이 청구될 수도, 청구되지 않을 수 도 있습니다. 
719	2_00118.wav	2_00118.mp4	서울시 전역에 자동측정기를 설치하여 실시간으로 수질을 측정하여 수돗물을 감시하고, 이 측정값을 전송 받아 이십사 시간 감시하고 시민에게 공개하고 있습니다.
720	2_00119.wav	2_00119.mp4	서울시 상수도사업본부 홈페이지에서 실시간으로 수질정보가 업로드 되는 우리동네 수질보기를 이용하시면 됩니다.
721	2_00120.wav	2_00120.mp4	수돗물정보지도 아리수 맵을 이용하시면 수질정보와 공급경로, 공사정보, 야외음수대 위치 등을 쉽게 확인 하실 수 있습니다.
722	2_00121.wav	2_00121.mp4	염소는 전세계적으로 수돗물에 가장 많이 이용하고 있는 소독제로서 낮은 농도이기 때문에 건강에는 문제가 되지 않으니 안심하고 드셔도 됩니다.
723	2_00122.wav	2_00122.mp4	저수조청소를 아니한 건축물의 소유자 또는 관리자는 이년 이하의 징역 또는 이천 만원 이하의 벌금 처분을 받습니다.
724	2_00123.wav	2_00123.mp4	대형 건축물소유자 또는 관리자는 교육대상자가 된 날부터 일년 이내에 받아야 하는 수도법 교육이 있습니다.
725	2_00124.wav	2_00124.mp4	수도법 교육은 환경보전협회 서울본회에서 받으시면 됩니다.
726	2_00125.wav	2_00125.mp4	저수조 청소는 육 개월마다 일 회 이상 연 이 회 청소를 해주셔야 해요.
727	2_00126.wav	2_00126.mp4	임시급수 신청은 관할 수도사업소에 건축물허가증사본을 지참하여 방문신청 해주셔야 합니다.
728	2_00127.wav	2_00127.mp4	임시급수 신청에 필요한 서류는 법인의 경우 환불신청서 , 사업자등록증사본 한 통 , 법인통장사본 힌 통, 법인 인감증명서 한 통을 제출하셔야 합니다.
729	2_00128.wav	2_00128.mp4	신축건물의 타일 등에 광택을 좋게 하기 위해 코발트 성분이 사용되는데 비누, 세제와 반응하여 분홍색으로 발색될 수 있습니다.
730	2_00129.wav	2_00129.mp4	보통 흙냄새는 심미적으로 영향을 주나 인체 건강상에는 무해한 것으로 알려져 있습니다.
731	2_00130.wav	2_00130.mp4	옥내,외의 누수구분은 수용가에서 관리하는 수도 계량기를 기준으로 구분해요.
732	2_00131.wav	2_00131.mp4	옥내 누수가 자주 발생하는 원인은 양변기내 고장이며, 옥내배관 노후로 인한 배관 파열, 보일러, 세탁기와 수도꼭지 연결부분, 정수기 접합부분등에서 주로 발생하고 있어요. 
733	2_00132.wav	2_00132.mp4	임시급수 보증금이란 단기간에 한시적으로 사용하고자 하는 수도시설에 대한 사전보증성격으로 삼 개월 추정사용량에 해당하는 요금을 사전 징수하여 시금고 대행은행에 예치하는 금액을 말해요. 
734	2_00133.wav	2_00133.mp4	배수설비 신청서는 시청 홈페이지에 가셔도 되시고 그게 어려우시면 가까운 구,시청 방문하셔도 되세요.
735	2_00134.wav	2_00134.mp4	한강 하수 수질처리는 총 삼 단계로 구성되어있습니다.
736	2_00135.wav	2_00135.mp4	현재 한강 수질은 이 급수이고 마시기에는 부적절한 수질입니다.
737	2_00136.wav	2_00136.mp4	하천수질보전대책이 있어서 수시로 한강의 수질을 보존하기 위해 처리를 하고 있습니다.
738	2_00137.wav	2_00137.mp4	생활 하수와 쓰래기 무단 폐기가 한강의 주된 오염 원인으로 지목됩니다.
739	2_00138.wav	2_00138.mp4	한겡에는 지금 다섯 개의 총인시설이 완공된 상태이고 추가적으로 세 개의 시설을 더 완공할 계획입니다.
740	2_00139.wav	2_00139.mp4	하수도 요금은 일단 구경별이용금이랑 물이용부담금 이렇게 두 가지로 구성되어있습니다.
741	2_00140.wav	2_00140.mp4	물이용부담금은 해당지역에 하수처리시설을 지으므로써 생기는 해당 구역 주민의 불이익을 위하여 쓰이는 비용입니다.
742	2_00141.wav	2_00141.mp4	수도요금에서 구경별이용금은 하수처리시설을 관리하는데 사용하는 비용이라고 이해하시면 편하실 것 같습니다.
743	2_00142.wav	2_00142.mp4	하수도 요금이 미납 육 개월 이상되시면 절수되십니다.
744	2_00143.wav	2_00143.mp4	배수설비 준공검사 신청서는 지어지는 시설의 배수시설의 적정성, 오수, 우수 분리배관 여부 등을 확인하기 위한 서류입니다.
745	2_00144.wav	2_00144.mp4	배수설비 준공검사 신청서는 시청 홈페이지에 가셔도 되시고 그게 어려우시면 가까운 구,시청 방문하셔도 되세요.
746	2_00145.wav	2_00145.mp4	고도정수처리 중단으로 맛이나 냄새의 처리 효율이 낮아질수는 있습니다만, 관련 우려는 낮습니다.
747	2_00146.wav	2_00146.mp4	현재, 수돗물 유충의 발생원인 으로 지에이씨 접촉조가 추정되어 지에이씨 접촉조 운영을 중단하고 표준정수처리공정으로 전환한 상태입니다.
748	2_00147.wav	2_00147.mp4	옥내누수를 확인이 어려울때 수도사업소에서 옥내누수 진단도 해드리고 있습니다.
749	2_00148.wav	2_00148.mp4	임시급수 보증금의 정산방법은 현금 납부한 경우 행정지원과,  요금부서에서 처리합니다.
750	2_00149.wav	2_00149.mp4	수돗물을 끓였을 떄 나오는 하얀 자국은 물안에 포함된 석회성분 흔적입니다.
751	2_00150.wav	2_00150.mp4	수도관 내부에 유속 및 공기를 이용한 내부 물세척을 하고 있습니다.
752	2_00151.wav	2_00151.mp4	수도요금을 절약할 수 있는 방법은 양치할때 물컵을 사용, 변기에 절수기를 설치 등 방법이 있습니다. 
753	2_00152.wav	2_00152.mp4	하수는 주방이나 세탁,샤워하면서 사용한 물이고 오수는 화장실에서 사용하고 나온 물입니다.
754	2_00153.wav	2_00153.mp4	국가유공자, 국가보훈자도 수도요금 감면 대상입니다.
755	2_00154.wav	2_00154.mp4	서울시 수돗물에서의 농도는 영쩜일 피피엠 에서 영쩜육 피피엠 정도 입니다.
756	2_00155.wav	2_00155.mp4	물을 받아서 삼십 분간 두면 잔류염소가 휘발되어 염소냄새가 사라집니다.
757	2_00156.wav	2_00156.mp4	급수 해제신고는 오늘중으로 처리하시면 즉시처리 됩니다
758	2_00157.wav	2_00157.mp4	수도 누수 확인을 위해서는 수도계량기 통의 뚜껑을 열고 수도계량기 유리 안에 있는 별모양의 빨간 침의 움직임을 확인하세요
759	2_00158.wav	2_00158.mp4	다가구시 요금 부담을 경감해주는 제도가 있습니다.
760	2_00159.wav	2_00159.mp4	수도 자가검침은 수도사업소에서 검침하고 수도요금청구서가 발부되는 가정용 수전을 대상으로 방문시 부재로 인한 인정요금 부과를 방지하고, 검침원의 방문이 불편을 느끼실 경우 직접 검침하여 지침을 입력하는 민원입니다.
761	2_00160.wav	2_00160.mp4	그럼 주계량 사용량에서 세대별 계량기 총사용량을 빼면 공동사용량이 결정되고, 이 공동사용량을 세대별 균등 분할한 후 각 세대별 사용량에 합산하여 수도요금을 고지하고 있습니다.
762	2_00161.wav	2_00161.mp4	누수량이 포함된 고지서를 받은날로부터 구십 일 이내 신청하시면 누수 수리 완료 시점까지의 요금에 대하여 감액을 받으실 수 있습니다.
763	2_00162.wav	2_00162.mp4	수도요금 세데분할 제도는 누진요금 적용을 완화하기 위한 제도입니다.
764	2_00163.wav	2_00163.mp4	최종 상하수도 요금 납부 영수증 사본 일부와 세대주 성명이 기재된 주민등록 일부입니다.
765	2_00164.wav	2_00164.mp4	가구 분할 신청 절차는 물관리정책과에 신청하시면 동행정복지센터 주민등록 사실확인 후 적용됩니다.
766	2_00165.wav	2_00165.mp4	수도요금 고지서에 적힌 수용가번호는 수도사용자에 대한 요금 부과징수를 위해 수용가를 식별하는 열아홉 자리 숫자로 구성된 일렬번호입니다.
767	2_00166.wav	2_00166.mp4	수도요금 수전번호는 계량기를 설치하면서 부여하는 여덟 자리 숫자로 구성된 일렬번호를 뜻합니다.
768	2_00167.wav	2_00167.mp4	수도 요금 고지서의 배제방식은 하수설비의 사용용도에 따라 가정용, 산업용, 일반용, 대중탕용으로 배출방식에 따라 분류식, 합류식을 구분한 것입니다.
769	2_00168.wav	2_00168.mp4	수도 요금 고지서의 구경은 수용가에 설치된 급수설비 배관의 직경을 뜻합니다.
770	2_00169.wav	2_00169.mp4	수도 요금 고지서의 계량기설치비는 수도계량기 파손이나 재설치에 따른 계량기 대금 및 설치비입니다.
771	2_00170.wav	2_00170.mp4	계량기 망실, 손괴, 부정행위등에 따른 수도 요금 고지서의 과태료입니다.
772	2_00171.wav	2_00171.mp4	저주조 인허가 관련해서 유료 수질검사를 받으시면 됩니다.
773	2_00172.wav	2_00172.mp4	저주조 인허가 검사는 지자체 상하수도관리과에 문의하셔서 접수하시면 됩니다.
774	2_00173.wav	2_00173.mp4	시료채수는 검사소 공무원이 직접 채수합니다.
775	2_00174.wav	2_00174.mp4	지하수로 음용수를 쓰시면 이 년 일 회 이상 받으셔야 합니다.
776	2_00175.wav	2_00175.mp4	지하수를 생활용수를 쓰시면 삼 년 일 회 이상 받으셔야 합니다.
777	2_00176.wav	2_00176.mp4	수도요금 청구금액에 비해 계좌잔액이 부족하여도 잔액범위내에서 출금합니다.
778	2_00177.wav	2_00177.mp4	물에서 곰팡내와 흙맛이 느껴지는건 취수원인 한강 원수의 수량부족, 일조량 및 수온상승, 질소나 인 등 영양염류 유입 등의 복합적으로 작용하면서 발생한 냄새일 수도 있습니다.
779	2_00178.wav	2_00178.mp4	서울시는 냄새물질에 대응하기 위해  여섯 개 전체 정수장에 고도정수처리공정을 도입하여 오존과 숯으로 한번 더 걸러 냄새없는 수돗물을 공급하기 위해 노력중입니다.
780	2_00179.wav	2_00179.mp4	긴급상황문자알림서비스는 수도관 긴급 누수 복구 공사나 예정된 공사로 인한 단수 발생시 시민에게 문자 알람 서비스를 제공하는 서비스입니다.
781	2_00180.wav	2_00180.mp4	요금조정심의를 위한 구비 서류는 민원서류, 민원사항조사결과복명서, 계량기 비교유량시험결과, 관리검침결과기록표가 필요하십니다.
782	2_00181.wav	2_00181.mp4	업종변경신고서를 작성하셔서 관할 수도사업소에 제출해주시면 됩니다. 
783	2_00182.wav	2_00182.mp4	네 청계천 탐방객들의 편의를 위해 주변 삼십삼 개 건물 내 화장실을 개방화장실로 운영하고 있습니다.
784	2_00183.wav	2_00183.mp4	청계천 개방화장실을 운영하고 있는 건물을 유지관리하고 있는 시설공단이 있습니다.
785	2_00184.wav	2_00184.mp4	개방화장실 사용인원과 사용량이 통보되어집니다.
786	2_00185.wav	2_00185.mp4	수도요금은 일반용이 가정용보다 좀더 비싼 편입니다.
787	2_00186.wav	2_00186.mp4	주로 저수조 청소는 상반기,하반기로 나눠서 일년에 두 번하는게 좋습니다.
788	2_00187.wav	2_00187.mp4	저수조 청소는 물을 다 빼낸후에 염소로 소독해주시면 됩니다.
789	2_00188.wav	2_00188.mp4	서울시 수도요금은 가정용 상수도 기준으로 일 톤당 삼백육십 원입니다.
790	2_00189.wav	2_00189.mp4	서울의 수도요금은 댐 건설을 통해 원수를 구입하는 비용이 타지역에 비해 저렴합니다.
791	2_00190.wav	2_00190.mp4	바로 누수탐지팀이 확인 후 누수복구팀이 복구를 진행 할 것입니다.
792	2_00191.wav	2_00191.mp4	집의 누수를 확인하고 싶으시면 수도사업소에 누수탐지서비스를 신청하시면 됩니다.
793	2_00192.wav	2_00192.mp4	대형 건축물을 소유하고 있거나 관리를 하고 계시는 분은수도법 관련 교육을  오 년마다 한 번씩 여덟 시간의 교육을 받으셔야 합니다.
794	2_00193.wav	2_00193.mp4	하수도원인자부담금이란 것은 오염된 하수의 원인을 제공하는 자가 정화처리비용을 부담하는 것이라고 생각하시면 됩니다.
795	2_00194.wav	2_00194.mp4	아리수의 수질 검사는 총 백오십오 항목으로 더블유에이치오 의 기준 이상으로 철저하게 분석을 하고 있습니다.
796	2_00195.wav	2_00195.mp4	계량기의 검침을 통해서 수도요금을 부과해야하는데 부득이하게 수도요금을 인정하는 경우를 인정조정이라고 합니다.
797	2_00196.wav	2_00196.mp4	영하 오 도 이하일  경우 수도 계량기의 동파가 발생하기 시작됩니다.
798	2_00197.wav	2_00197.mp4	수도계량기함을 헌옷 같은 것으로 따뜻하게 채우고 뚜껑을 비닐 등으로 부착해서 찬 공기를 막아 동파를 보호하면 됩니다.
799	2_00198.wav	2_00198.mp4	수돗물이 붉은 수돗물이 나오다 다시 맑은 수돗물이 나오는 이유는 내부 수도배관이 오래되었을 경우 현상입니다.
800	2_00199.wav	2_00199.mp4	일 세제곱 미터 당 이천이십일 년 사백삼십 원 이천이십이 년 오백원 이천이십삼 년 오백팔십 원 으로 인상 됩니다 
801	2_00200.wav	2_00200.mp4	수도 계량기를 찾아보시면 위에 천백십일 이라고 쓰여있는곳에 떠있는 숫자 수치를 말씀 해주세요.
802	2_00201.wav	2_00201.mp4	아리수 수질검사는 구체적으로 잔류염소세균의 안정성여부 측정, 철과구리를 넣어 색을보고 측정기계를 이용하는 검사를 합니다.
803	2_00202.wav	2_00202.mp4	수질 검사 소요 시간은 십오 분 에서 이십 분정도 소요됩니다.
804	2_00203.wav	2_00203.mp4	아리수는 냉장고에 넣어 차게 드시면 더 맛있게 드실 수 있습니다.
805	2_00204.wav	2_00204.mp4	수압이 너무 세다면 수압을 조절하는 벨브를 조금 잠궈보시는것도 방법입니다.
806	2_00205.wav	2_00205.mp4	현재 동파로 인해 계량기 교체 민원이 급증하여 교체에 일 에서 이 일정도 소요되십니다.
807	2_00206.wav	2_00206.mp4	정수처분예고 고지서는 수도요금을 납부하지 아니한 자에 사전 정수처분예고 고지서를 발송됩니다.
808	2_00207.wav	2_00207.mp4	서울시수도조례 제 사십사 조 일 항에 의거 과태료가 부과되십니다,
809	2_00208.wav	2_00208.mp4	정수처분 해제신청은 정수처분 사유가 소멸하면 서면 또는 전화로 접수가 됩십니다.
810	2_00209.wav	2_00209.mp4	수도요금 전자고지는 서면으로 송달할 요금고지서나 자동납부 청구서에 대하여 전자식으로 고시하는 것을 말합니다.
811	2_00210.wav	2_00210.mp4	계량기 위치를 바꾸려면 관할 수도사업소에 수도계량기 이설접수하시면 되겠습니다.
812	2_00211.wav	2_00211.mp4	이설공사는 신청인이 인근 공사업체를 선정하여 직접 이설을 시행할 수도 있고 수도사업소에 이설공차를 요청할 수 도 있겠습니다.
813	2_00212.wav	2_00212.mp4	사업소에 신고없이 무단이설하는 행위는 불법으로 간주하여 과태료가 부과되겠습니다.
814	2_00213.wav	2_00213.mp4	수도계량기 검정은 당해 수용가 연평균 사용량보다 격감한 계량기도 감소원인이 불분명하여 수도사업소장의 직권에 의하여 계량기 검정시험을 시행하는 직권검정 되겠습니다.
815	2_00214.wav	2_00214.mp4	누수지점을 찾지 못할 때 상하수도사업소 연락하면 담당직원이 현장을 방문하여 누수되는 지점을 찾아 드리겠습니다.
816	2_00215.wav	2_00215.mp4	수도요금고지서 받는 주소도 변경은 다산콜센터 일이공 또는 관할 수도사업소로 전화하시면 되겠습니다.
817	2_00216.wav	2_00216.mp4	수도요금 연체금일할계산제도는 연체시, 월 단위로 부과되는 가산금과 달리 연체한 일수만큼 계산해서 부과하는 제도입니다.
818	2_00217.wav	2_00217.mp4	수도요금 납부기한 경과 후 납부 시 연체일수에 따라 계산되어 수도요금 가산금이 발생되겠습니다.
819	2_00218.wav	2_00218.mp4	다음 납기 고지일자까지는 연체일수만 적용되므로 다음 납기에 수도요금을 납부해주시면 되겠습니다.
820	2_00219.wav	2_00219.mp4	단수는 주변 수도관 공사나 수도요금이 체납된 경우에 발생되겠습니다.
821	2_00220.wav	2_00220.mp4	수도 계량기 철거를 신청하시고 일 에서 이 일내로 방문드립니다.
822	2_00221.wav	2_00221.mp4	화장실에서 냄새가 너무 많이 나면 일단 실내 환기 및 물기제거, 락스 등을 세제를 활용하여 세균을 제거해보시길 권유해드립니다.
823	2_00222.wav	2_00222.mp4	영업용도와 가정용도를 같이 사용할 경우에는 요금이 높은 업종으로 적용되어 요금 부담이 될 수 있습니다.
824	2_00223.wav	2_00223.mp4	수도를 가정용과 영업용 같이 쓸때수전분리 공사를 신청하여 계량기를 각각 사용하시는 게 요금 경감 효과가 있습니다. 
825	2_00224.wav	2_00224.mp4	수도요금을 한달에 한번씩 내는 것은 두 달에 한 번 요금을 낼 경우 금액이 과다하여 부담으로 작용하는 것을 방지하기 위한 제도입니다. 
826	2_00225.wav	2_00225.mp4	급수 중지 시키면 기본요금과 구경별 정액요금을 징수하지 않습니다. 
827	2_00226.wav	2_00226.mp4	급수 정지 신청은 관할 상수도 사업본부에 하시면 됩니다. 
828	2_00227.wav	2_00227.mp4	급수 정지 신청 승인 처리기한은 이 일 정도 소요됩니다. 
829	2_00228.wav	2_00228.mp4	급수 정시 신청을 위해 준비해야 할 서류는 급수 중지 신청서를 작성하셔서 제출하시면 됩니다. 
830	2_00229.wav	2_00229.mp4	급수 중지 기간은 일 년 이내로 정하고 있습니다. 
831	2_00230.wav	2_00230.mp4	급수 중지 기간은 정당한 사유가 있는 경우 신청하여 기간 연장을 할 수 있습니다. 
832	2_00231.wav	2_00231.mp4	수도 개전할 때 수수료가 발생합니다.
833	2_00232.wav	2_00232.mp4	날씨의 변화로 하수구에 기온이나 기압의 변화가 생기면서 역풍이 발생하여 악취가 더 심해질 수 있습니다. 
834	2_00233.wav	2_00233.mp4	하수도 트랩은 하수도 냄새를 방지하기 위한 장치입니다. 
835	2_00234.wav	2_00234.mp4	물을 안쓰는데도 계량기가 돌아가는면 누수가 의심됩니다. 
836	2_00235.wav	2_00235.mp4	물을 사용하지 않을 경우 계량기가 멈춰있어야 정상 작동되는 겁니다.
837	2_00236.wav	2_00236.mp4	직결 급수 공사 비용은 무료입니다. 
838	2_00237.wav	2_00237.mp4	소형물탱크 철거비용과 직결급수 전환 비용은 모두 서울시에서 부담합니다. 
839	2_00238.wav	2_00238.mp4	상하수도요금의 요금업종은 네 개 업종 즉 가정용, 공공용, 일반용, 욕탕용이 있습니다.
840	2_00239.wav	2_00239.mp4	가정용 수도요금 감면항목은 복지개별요금 감면, 독립유공자 감면, 다자녀 하수도 감면, 자가검침 감면, 전자고지 감면이 있습니다.
841	2_00240.wav	2_00240.mp4	직결급수는 건물물탱크를 없애고 바로 물을 공급하는 방식을 말합니다.
842	2_00241.wav	2_00241.mp4	물탱크는 수돗물 공급이 원활하지 않을 때 단독·다가구·다세대 주택 등에서 수돗물을 저장하여 원활하게 사용할 수 있도록 설치했었습니다.
843	2_00242.wav	2_00242.mp4	직결급수를 하는 이유는 직결급수는 저수조를 사용하지 않음으로써 저수조 유지보수 절감, 펌프 전력사용량 감소 등 유지관리 비용이 절감됩니다. 
844	2_00243.wav	2_00243.mp4	서울 아리수 공급경로는 취수장 송수 지역배수지 공원의 경로를 통해 공급됩니다.
845	2_00244.wav	2_00244.mp4	고객님 고지서에 있는 가상계좌로 다른 사람 이름으로 송금하셔도 됩니다.
846	2_00245.wav	2_00245.mp4	저수조 급수구역은 저수조 체류시간이 길어질 경우 염소 수치가 감소하여 미생물 등이 증식하게 되어 수돗물에서 비린내가 발생할수 있습니다.
847	2_00246.wav	2_00246.mp4	수도인입관 구경과 옥내배관의 구경이 거주세대수에 비해 너무적거나 아연도강관 등의 내부에 녹이 많이 발생하여 관경이 협소해 진경우 물이 적게 나올수 있습니다.
848	2_00247.wav	2_00247.mp4	구경확대공사는 가구수 또는 건물의 면적에 비해 적은 용량의 계량기를 사용하시면 신청하실수 있습니다.
849	2_00248.wav	2_00248.mp4	거래하는 은행에 방문하시거나 해당 수도사업소에  방문하셔서 수도요금 자동납부 해지 신청하시면 됩니다.
