index	q1	count	category
1	혼인신고는 어디에서 신고하나요?	0	0
2	혼인신고를 늦게할 경우 과태료는 없는건가요?	0	0
3	지방세를 온라인으로 납부 할 수 있나요?	0	0
4	신혼부부를 위한 주택구입시 대출지원 사업이 있나요?	0	0
5	아트센터 대관 신청 방법에 대해 문의드립니다.	0	0
6	경기도 임산부 지원에 대해 궁금합니다.	0	0
7	돌봄서비스에 대해 문의드려요	0	0
8	다함께 돌봄사업에 필요한 구비서류 알려주시겠어요?	0	0
9	귀농에 관련된 지원사업이 있나요?	0	0
10	난임부부에 대한 지원제도가 있나요?	0	0
11	에너지바우처가 뭔가요?	0	0
12	에너지바우처는 어떻게 신청하나요?	0	0
13	주민등록증 재발급하려면 어떻게 하나요?	0	0
14	인터넷으로 주민등록증 재발급 하려면 어떻게 해야하죠?	0	0
15	주민등록증 온라인으로 재발급 하기 위해 사진을 어떤 파일로 준비해야 하나요?	0	0
16	주민등록증 재발급 비용은 얼마인가요?	0	0
17	서울시에서 진행하는 청년 임차보증금 이자 지원사업에 대해 알려주세요	0	0
18	사대 불법주차 금지 구역을 알려주시겠어요?	0	0
19	사대 불법주차 금지 구역의 주민 신고 제도가 있나요?	0	0
20	보건증을 발급받으려고 하는데 어떻게 하나요?	0	0
21	보건증 발급 방법을 설명해 주시겠어요?	0	0
22	보건증을 발급받을 때 신분증이 필요하나요?	0	0
23	보건증 발급 수수료는 얼마인가요?	0	0
24	보건증 발급 후 수령 할 때 대리인 수령이 가능한가요?	0	0
25	온라인으로 보건증을 발급 받을 수도 있나요?	0	0
26	보건증 유효기간은 얼마인가요?	0	0
27	여성안심택배를 이용하고 싶은데 어떻게 찾나요?	0	0
28	여성안심택배는 언제부터 시작했나요?	0	0
29	보통 어떤 곳에 여성안심택배를 설치해 놓았나요?	0	0
30	인감보호 신청이 뭔가요?	0	0
31	인감보호 신청은 어디서 하나요?	0	0
32	인감증명서는 인터넷 발급되지 않나요?	0	0
33	인감증명서를 대리인이 발급받으려면 무엇을 가지고 가야하나요?	0	0
34	인감 대리신고를 하고자 할 때 어떤 서류가 있어야 가능한가요?	0	0
35	보건소 운영시간이 어떻게 되나요?	0	0
36	니코틴 패치가 담배에 대한 욕구를 낮춰주나요?	0	0
37	경복궁에서 하는 행사중에서 밤에 하는 행사가 있나요?	0	0
38	문화누리카드 신청대상자가 누구인지 알려주시겠어요?	0	0
39	문화누리카드는 왜 만들게 되었죠?	0	0
40	문화누리카드의 사용 범위는 어떻게 되나요?	0	0
41	문화누리카드는 얼마를 지원해주나요?	0	0
42	문화누리카드 신청방법에 대해 얘기해 주시겠어요?	0	0
43	문화누리카드의 사용 방법에 대해 알려주세요	0	0
44	문화누리카드의 올해 쓰지 못한 금액은 내년으로 이월이 되나요?	0	0
45	문화누리카드 사용시 주의사항이 있을까요?	0	0
46	결식아동 급식지원 신청을 하려면 어떻게 해야 하나요?	0	0
47	결식아동 급식지원을 받는 연령은 몇살까지 인가요?	0	0
48	학교에 다니지 않는 학생은 결식아동 급식지원을 받을 수 있나요?	0	0
49	결식아동 급식지원에 대해 자세히 물어보려면 어디로 전화하면 될까요?	0	0
50	세대 분리 신청은 어디서 하나요?	0	0
51	미세먼지 비상저감조치가 무엇인가요?	0	0
52	미세먼지 비상저감조치 대상차는 어떤 차인가요?	0	0
53	서울시에서 배출가스 오등급차가 운행 할 수 없는 지역이 있나요?	0	0
54	서울시의 녹색교통지역은 어디를 말하죠?	0	0
55	노후 경유차 운행제한에 걸리지 않으려면 어떻게 해야 하죠?	0	0
56	노후 경유차를 폐차시키면 정부에서 혜택을 주는게 있나요?	0	0
57	서울시에서 추진하는 공동체주택이 무엇인가요?	0	0
58	공동체주택은 어떤 종류가 있나요?	0	0
59	서울시 희망두배 청년통장에 대해 설명 좀 해주시겠어요?	0	0
60	서울시 희망두배 청년통장의 신청자격은 어떻게 되나요?	0	0
61	서울시 돌봄 에스오에스센터는 누구나 이용할 수 있나요?	0	0
62	서울시 돌봄 에스오에스센터는 어떻게 이용할 수 있습니까?	0	0
63	서울시 돌봄 에스오에스센터는 어떤 도움을 주나요?	0	0
64	서울시 돌봄 에스오에스센터의 서비스는 어떻게 제공되죠?	0	0
65	서울형 긴급복지 지원제도가 무엇인가요?	0	0
66	서울형 긴급복지 지원제도의 갑자스러운 위기사유는 어떤 것을 말하나요?	0	0
67	서울형 긴급복지 지원제도의 긴급복지지원 선정기준이 있나요?	0	0
68	서울형 긴급복지 지원제도의 신청방법은 어떻게 되나요?	0	0
69	서울형 긴급복지 지원제도에 대해 자세하게 물어볼 수 있는 곳은 어디인가요?	0	0
70	서울시에는 어떤 노숙인 복지시설이 있나요?	0	0
71	종합지원센터의 일시보호시설에 대해 알려주세요	0	0
72	노숙인 복지시설에서는 노숙인들을 위해 어떤 서비스를 제공하나요?	0	0
73	의료급여를 받을 수 있는 노숙인의 기준이 뭔가요?	0	0
74	노숙인이 병원을 방문하고 싶을때는 어떻게 해야 무료로 이용할 수 있나요?	0	0
75	어디에서 의료보호증이 없이 무료로 진료 받아 볼 수 있나요?	0	0
76	서울시에서 하는 어르신 맞춤형 스마트폰 보급에 대해 알려주세요	0	0
77	어르신 맞춤형 스마트폰 보급으로 받은 핸드폰의 이용료는 얼마나 될까요?	0	0
78	어르신 맞춤형 스마트폰 보급 가입대상이 어떻게 되나요?	0	0
79	어르신 맞춤형 스마트폰 보급으로 스마트폰 가입한 어르신들의 사용 방법 교육도 해주나요?	0	0
80	서울시에서 하는 나혼자 한강따라걷기 챌린지에 대해 알려주세요	0	0
81	나혼자 한강따라걷기 챌린지의 열두개 코스를 알려 주실래요?	0	0
82	지방세 납세 증명서를 발급받고 싶은데 어떻게 해야하나요?	0	0
83	지방세 완납 증명서는 어디에서 발급받을 수 있나요?	0	0
84	주정차위반 과태료 조회를 어디에서 할 수 있나요?	0	0
85	조회가능한 자동차 과태료는 어떤것이 있나요?	0	0
86	과태료 조회는 어떻게 하는지 알려 주시겠어요?	0	0
87	사망자의 제적등본이 필요한데 주민번호를 알아야 하나요?	0	0
88	보건증을 받으러 가야하는데 어디가서 발급받아야 되나요?	0	0
89	보건증 갱신 주기는 어떻게 되나요?	0	0
90	세목별과세증명서는 어디서 발급받나요?	0	0
91	세목별과세증명서 발급받을 때 기입해야 할 정보가 있나요?	0	0
92	서초구 보건소에서 건강검진을 해주나요?	0	0
93	삼천 팔십 구민건강검진 검사는 어떤 것을 해주나요?	0	0
94	삼천 팔십 구민건강검진 비용은 얼마인가요?	0	0
95	행복서초건강검진을 받으려면 미리 예약을 해야 하나요?	0	0
96	보건소에서 국민건강보험공단의 건강검진을 받을 수 있나요?	0	0
97	국민건강보험공단의 건강검진 검사는 어떤 것을 하나요?	0	0
98	국민건강보험공단의 건강검진 비용은 얼마인가요?	0	0
99	청소년증은 몇세부터 발급받을 수 있나요?	0	0
100	청소년증은 신분증 기능을 하나요?	0	0
101	청소년증에 신분증 기능 외에도 추가되는 기능이 있나요?	0	0
102	청소년증 사용시 혜택 받을 수 있는 곳이 있나요?	0	0
103	청소년증을 신청은 어디서 하나요?	0	0
104	미성년자가 주민등록등본을 발급받을 수 있나요?	0	0
105	주민등록등본 발급받는 비용은 얼마인가요?	0	0
106	중고차를 사서 제가 셀프로 명의이전 할 수 있나요?	0	0
107	중고차 명의이전할 때 제가 준비해야 할 서류는 어떤 것이 있죠?	0	0
108	스쿠터를 살건데 어떻게 명의 변경하면 되나요?	0	0
109	오토바이를 말소해야하는데 어디서 말소해야 하죠?	0	0
110	제가 직접 오토바이 말소 하려는데 준비해야 할 서류는 어떤 것이 있나요?	0	0
111	이륜자동차 사용폐신고서는 어디에 있나요?	0	0
112	오토바이를 양도할 경우에 준비해야 할 서류는 어떤것이 있나요?	0	0
113	지방세 환급금 신청은 어떻게 해야하죠?	0	0
114	지방세 환급금을 기부할 수도 있나요?	0	0
115	인터넷으로 고등학교 졸업증명서를 발급 받을 수 있나요?	0	0
116	어디서 고등학교 졸업증명서를 발급받을 수 있죠?	0	0
117	정부 이십사 홈페이지에서 고등학교 졸업증명서 발급 과정을 설명해 주세요	0	0
118	고등학교 졸업증명서 발급 수수료는 얼마인가요?	0	0
119	뚝섬 한강공원 주차장 월 정기권은 얼마인가요?	0	0
120	주차장 운영시간에 입차하여 운영시간 종료 후 출차할 경우에는 어떻게 요금을 징수하죠?	0	0
121	민방위 일년차 교육은 어떻게 하나요?	0	0
122	민방위 이년차에서 사년차는 어떻게 하나요?	0	0
123	사이버 민방위 비상소집훈련하는 곳이 있나요?	0	0
124	출생신고를 해야 하는데 어디서 신고해야 하나요?	0	0
125	출생신고시 필요한 서류가 있나요?	0	0
126	대리인이 출생신고를 하려고 할 때 필요한 서류는 무엇이 있나요?	0	0
127	외국인과의 혼인신고를 하려고하는데 어떤 서류를 준비해야 하나요?	0	0
128	긴급고용안정 지원금을 받을 수 있는 직종은 어떻게 되나요?	0	0
129	긴급고용안정 지원금을 신청하려면 필요한 서류가 어떤것이 있나요?	0	0
130	외식업체 육성자금 지원 대상자가 어떻게 되나요?	0	0
131	외식업체 시설자금 융자는 어디에 쓸 수 있나요?	0	0
132	외식업체 시설자금의 금리를 인하 시키는 조건은 없나요?	0	0
133	외식업체 시설자금은 어디서 접수하나요?	0	0
134	코로나 ㅤㄸㅒㅤ문에 가게를 폐업하려고 하는데 정부에서 지원하는 정책이 있나요?	0	0
135	폐업 소상공인 점포철거비 및 원상복구 지원대상에 해당하지 않는 경우는 어떤것이 있을 까요?	0	0
136	폐업 소상공인 점포철거비 및 원상복구 지원을 온라인에서 어떻게 신청하나요?	0	0
137	폐업 소상공인 점포철거비 및 원상복구 지원신청에 필요한 서류가 어떻게 되나요?	0	0
138	노선버스 고속도로 통행료를 면제해 주고 있나요?	0	0
139	코로나일구 피해 중소기업대상 특례보증 지원은 어떤 기업이 지원을 받을 수 있나요?	0	0
140	코로나일구 피해 중소기업대상 특례보증은 어떤 지원을 받을 수 있죠?	0	0
141	어떤 회사가 힘내라 대한민국 특별운영자금을 지원받을 수 있나요?	0	0
142	중소활력 보강프로그램은 어떤 기업이 융자를 지원받을 수 있나요?	0	0
143	중소기업을 대상으로 기업 금융지원하는 상품은 어떤 것들이 있나요?	0	0
144	운영자금지원은 어떤 건가요?	0	0
145	수출실적 기반자금은 무엇인가요?	0	0
146	아동돌봄 쿠폰 제도는 무엇인가요?	0	0
147	청년 구직활동 지원금의 신청 자격이 어떻게 되나요?	0	0
148	학원휴원지원금 있다는데 지원금은 얼마 주시는 건가요?	0	0
149	학원휴원지원금 신청에 필요한 서류는 뭐가있죠?	0	0
150	학원휴원지원금은 어디로 가서 접수 해야 하나요?	0	0
151	서울형 골목상권 일일구 긴급자금 지원이 뭔가요?	0	0
152	청년특별구직 지원금은 어디에서 신청할 수 있나요?	0	0
153	서울시에서 겨울 방학 대학생 아르바이트를 모집을 하나요?	0	0
154	겨울 방학 대학생 아르바이트는 공무원들이 수행하는 각종 업무를 하는 건가요?	0	0
155	성폭력 신고, 상담, 피해, 구제에 대한 어려움의 신고를 어디서 하나요?	0	0
156	온 서울 세이프 주소가 어떻게 되나요?	0	0
157	온 서울 세이프 카카오톡 오픈 채팅방이 있나요?	0	0
158	그루밍 성범죄는 어떤건가요?	0	0
159	대학수학능력시험일에 장애인 수험생들에 장애인 콜택시를 우선 배치한다고 하는 데 맞나요?	0	0
160	언제부터 장애 수험생 우선배차 서비스가 생겼나요?	0	0
161	서울시 장애인 콜택시의 종류는 어떻게 되나요	0	0
162	한강공원에 약속이 있거나 응급상황이 발생하였을 경우에 내 위치를 상대에게 알려 주는 방법이 있을까요?	0	0
163	어디야 한강 앱의 주요 기능은 무엇인가요?	0	0
164	어디야 한강 앱의 위치공유는 어떤 표시를 하는건가요?	0	0
165	어디야 한강 앱의 상황대처 시스템은 응급상황 일때 누르면 되는 건가요?	0	0
166	어디야 한강 앱의 주변시설은 내 주변 편의시설을 확인 할 수 있는건가요?	0	0
167	우리나라 최초의 기상역사박물관은 어디에 있을까요?	0	0
168	서울기상 관측소에서는 서울의 날씨를 측정하는 건가요?	0	0
169	서울기상 관측소는 역사를 소개하는 박물관으로도 이용되고 있나요?	0	0
170	서울 기상관측소가 등록문화재로도 등재 되어있나요?	0	0
171	서울기상 관측소는 어떻게 구성 되어져 있나요?	0	0
172	북서울 꿈의 숲 음악소풍 뮤직테라피는 어떤 취지로 계획 하게 된건가요?	0	0
173	남산 한양도성 유적이 시민에게 공개 되나요?	0	0
174	남산 한양도성 유적은 어떤 모습일까요?	0	0
175	서울시는 언제부터 남산 회현자락 정비사업을 해왔나요?	0	0
176	서울 국제 트래블 마트를 온라인으로 하는 이유가 뭔가요?	0	0
177	서울 국제 트래블 마트의 홈페이지 주소는 어떻게 되나요?	0	0
178	서울사람책도서관 플랫폼 제안은 어떤 온라인 시범 서비스인가요?	0	0
179	서울사람책도서관 플랫폼 제안은 무엇을 하는 건가요?	0	0
180	서울사람책도서관 시범사업의 콘텐츠는 어디서 볼 수 있을까요?	0	0
181	육이오 전쟁 발발 칠십년 서울역사 학술대회는 어떤 주제로 진행되나요?	0	0
182	혹시 길고양이들 중성화 수술을 서울시에서도 해 주고 있는 건가요?	0	0
183	길고양이 중성화를 왜 하는 건가요?	0	0
184	중성화된 고양이인지 아닌지는 어떻게 알 수 있나요?	0	0
185	요즘 집 근처에서 고양이 울음소리가 너무 들려서 힘든데 어떻게 할 수 없을까요?	0	0
186	혹시 서울시에서 유실동물을 구조하여 보호하나요?	0	0
187	키우던 강아지를 잃어버렸는데 어떻게 해야 하나요?	0	0
188	맹견을 키우려면 어떻게 해야하나요?	0	0
189	맹견 관리규정 위반한 것에 대해서는 어디에 신고하나요?	0	0
190	입마개를 안한 뱅견으로 인명사고가 나면 어떻게 되는 건가요?	0	0
191	강아지를 키우면 꼭 동물 등록을 해야하는건가요?	0	0
192	인터넷으로 취득세율을 확인할 수 있을까요?	0	0
193	분양 받은 아파트에 대한 취득세는 언제 신고를 해야 하는 건가요?	0	0
194	재산세가 뭔가요?	0	0
195	재산세 과세기준일이 언제 인가요?	0	0
196	자동차세 연납은 언제 가능한가요?	0	0
197	자동차세 연납신청은 어디서 할 수 있나요?	0	0
198	서울시 신혼부부 임차보증금 지원을 어떻게 신청을 하면 될까요?	0	0
199	서울시 신혼부부 임차보증금 지원 상담은 어디에서 받을 수 있나요?	0	0
200	졸업증명서는 어디서 신청해서 받을 수있나요?	0	0
201	재학증명서는 어디서 신청해서 받을 수있나요?	0	0
202	제 차량이 몇 등급인지 어디서 확인할 수 있나요?	0	0
203	배출가스 오등급 차량 운행제한은 왜 하는 건가요?	0	0
204	배출가스 오등급 차량인지 아닌지 확인은 어떻게 해요?	0	0
205	실업급여를 받으면 청년수당을 받을 수 없나요?	0	0
206	청년수당은 어디에 사용할 수 있는 건가요?	0	0
207	청년수당이라는 게 뭔가요?	0	0
208	청년수당은 구체적으로 어디에 쓸 수 있나요?	0	0
209	희망두배 청년통장이란 뭔가요?	0	0
210	희망두배 청년통장의 신청 제한이 있나요?	0	0
211	희망두배 청년통장 개설할 때 필요한 것이 뭐가 있을까요?	0	0
212	희망두배 청년통장 만들때 본인 근로소득은 어떻게 확인하나요?	0	0
213	희망두배 청년 통장 만들때 대리인이 접수할 수 있을까요?	0	0
214	청년월세지원을 신청하면 희망두배청년통장을 만들 수 없나요?	0	0
215	서울도시농업은 어떤 것인가요?	0	0
216	서울도시농업 정책은 왜 시행을 하게 된 것인가요?	0	0
217	서울도시농업 정책은 어떤 사업들이 진행 중인가요?	0	0
218	반려식물 보급이라는 것은 뭔가요?	0	0
219	반려식물 보급에 참여할 수 있는 조건이 어떻게 되나요?	0	0
220	도시농업 민간단체 공모사업이란 뭔가요?	0	0
221	도시농업 민간단체 공모사업을 추진하는 이유가 뭐예요?	0	0
222	공동체 지원사업이란건 뭔가요?	0	0
223	공동체 지원사업의 운영규모는 기준이 정해져 있는 건가요?	0	0
224	서울양봉지원이란 뭔가요?	0	0
225	서울양봉지원에 참여는 어떻게 해요?	0	0
226	서울농부회원이란 무엇인가요?	0	0
227	서울형 도시텃밭 조성이란 무엇인가요?	0	0
228	서울형 도시텃밭 조성은 어떻게 지원을 해주는 건가요?	0	0
229	서울형 도시텃밭 조성은 어떻게 신청을 하면 되나요?	0	0
230	함께서울 친환경농장이란 어떤 것인가요?	0	0
231	함께서울 친환경농장은 무료로 지원을 해 주는 건가요?	0	0
232	서울의 랜드마크에 대해 알려주실 수 있을까요?	0	0
233	서울로 칠공일칠은 뭔가요?	0	0
234	우리마을가게 상권분석 서비스라는 것은 어떤 것인가요?	0	0
235	우리마을가게 상권분석 서비스를 이용하려면 어떻게 해야 하나요?	0	0
236	국제운전면허증을 발급받으려면 어떻게 해야 하나요?	0	0
237	국제운전면허 신청 시 준비해야할 것은 뭐가 있을까요?	0	0
238	국제운전면허 발급 시 수수료가 발생하나요?	0	0
239	건축물대장을 발급 받으려면 어떻게 해야 하나요?	0	0
240	제로페이가 뭔가요?	0	0
241	출산지원금 신청 방법에 대해서 알려주세요	0	0
242	출생축하선물 신청하는 법 알려주세요	0	0
243	청년주택의 공급정보는 어디에서 확인할 수 있나요?	0	0
244	거주자 우선주차 신청 방법에 대해 알려주세요	0	0
245	따릉이 자전거 결제는 어떻게 하나요?	0	0
246	서울시 행복주택사업에 대해 설명해주세요	0	0
247	서울시 청년수당 사업공고는 어디에서 확인할 수 있나요?	0	0
248	광고 표시 기준에 대해서 알려주세요	0	0
249	광고 표시 기준에 대해서 어디에 문의하면 되나요?	0	0
250	전세보증금 반환보증 제도가 뭐예요?	0	0
251	청년 전세임대 입주자 모집이 뭔가요?	0	0
252	가족돌봄비용은 어디에서 신청하면 되나요?	0	0
253	지방세가 뭐예요?	0	0
254	취득세가 뭐예요?	0	0
255	지방세 납부내역을 확인할 수 있는 방법을 알려주세요	0	0
256	지방소득세가 뭔지 알고 싶어요.	0	0
257	한부모 가정 혜택에 대해서 알려주세요	0	0
258	증여세 신고기한이 알고 싶어요	0	0
259	학자금 상환제도라는게 있나요?	0	0
260	국가장학금 유형의 차이를 알고싶어요	0	0
261	국가장학금 신청방법에 대해 알려주세요	0	0
262	주민등록초본을 발급 받고 싶은데 어디서 발급받죠?	0	0
263	청년특별구직지원금이 청년수당이랑 중복 신청가능한건가요?	0	0
264	신혼부부 임차보증금지원의 대출한도를 사전에 조회 가능할까요?	0	0
265	희망의 집수리 신청은 어떻게 하면 되는건가요?	0	0
266	돌봄 에스오에스 센터는 어떻게 이용할 수 있는지 궁금합니다	0	0
267	돌봄 에스오에스 센터는 어떤 서비스가 있는지 궁금합니다	0	0
268	지방세를 내려면 어떻게 해야됩니까?	0	0
269	위택스 사이트 주소가 어떻게 됩니까?	0	0
270	지방세는 조회할 수 있습니까?	0	0
271	희망두배 청년통장은 무엇입니까?	0	0
272	서울청년의 나이는 어떻게 되나요?	0	0
273	신혼부부 전세대출 문의하려합니다.	0	0
274	버팀목 대출 받으려면 조건이 있습니까?	0	0
275	연말정산 문의하려합니다.	0	0
276	전년도 고용보험 납입 내역은 어떻게 구하나요?	0	0
277	연말정산 환급 언제됩니까?	0	0
278	문화비 소득공제는 얼마나 가능하나요?	0	0
279	연말정산으로 월세 공제를 받을 수 있습니까?	0	0
280	운전면허증을 분실했습니다.	0	0
281	운전면허증 재발급은 어떻게 하나요?	0	0
282	영문으로 운전면허증 발급도 됩니까?	0	0
283	보건증은 어디서 출력이 가능합니까?	0	0
284	보건증 발급은 어떻게 합니까?	0	0
285	청년귀농인 지원사업 어떤게 있는지 알고싶습니다.	0	0
286	정착장려금은 어떻게 신청합니까?	0	0
287	귀농정착인 지원 문의합니다.	0	0
288	다른 지역으로 이사가면 귀농정착인 지원금은 어떻게 되나요?	0	0
289	귀농정착인 지원을 어떻게 하나요?	0	0
290	자동차 등록 어떻게 합니까?	0	0
291	다가구 혜택 문의좀 드리려합니다.	0	0
292	내일배움카드 신청하려고 합니다.	0	0
293	저 여권 좀 만들려고 합니다.	0	0
294	여권 만들 때 준비해갈 것들이 있나요?	0	0
295	주택입주 확정일자 받으려 합니다.	0	0
296	문화생활 이용가능한곳 있을까요?	0	0
297	박물관쪽으로 안내해주시겠어요?	0	0
298	한성백제박물관으로 알려주세요.	0	0
299	출생신고 관련 문의 드리려고 합니다.	0	0
300	출생신고를 늦게하면 벌금이 있다던데 맞아요?	0	0
301	출생신고 과태료를 할인 받을 수는 없을까요?	0	0
302	청소년증 버스카드로도 사용가능한가요?	0	0
303	청소년증 잃어버렸는데 재발급 받을 수 있어요?	0	0
304	청소년증 시험볼 때 신분증으로 쓸 수 있나요?	0	0
305	청소년증 발급신청확인서는 뭔가요?	0	0
306	코로나 자가격리시 일을 못하는데 어떻게 하나요?	0	1
307	모든 사람이 코로나 지원금을 받을 수 있나요?	0	1
308	코로나 자격격리 지원금 대상이 어떻게 되나요?	0	1
309	코로나 자가격리 지원금이 얼마나 지원되나요?	0	1
310	코로나 자가격리 지원금을 위한 필요서류가 있나요?	0	1
311	코로나 자가격리 지원금 방문접수도 가능한가요?	0	1
312	소상공인에 대한 별도의 코로나 금융지원이 있나요?	0	1
313	코로나십구 피해기업 긴급자금 지원은 뭔가요?	0	1
314	코로나십구 피해기업 긴급자금 지원금은 얼마나되나요?	0	1
315	중소기업육성기금은은 시중은행협력자금에서는 얼마나 지원하나요?	0	1
316	중소기업육성기금의 이율은 어떻게 되나요?	0	1
317	중소기업육성기금의 상환조건은 어떻게 되나요?	0	1
318	서울형 골목상권 일일구 긴급자금 지원이 뭔가요?	0	1
319	서울형 골목상권 일일구 또다른 제약이 있나요?	0	1
320	서울형 골목상권 일일구 지원 한도는 얼마인가요?	0	1
321	서울형 골목상권 일일구 지원 상환조건은 어떻게 되나요?	0	1
322	 서울형 골목상권 일일구 지원 해당은행은 어디인가요?	0	1
323	 서울형 골목상권 일일구 지원 보증요율은 어떻게 되나요?	0	1
324	 농협에서 진행하는 코로나십구 긴급경영 안정 자금지원이 있나요?	0	1
325	 농협에서 진행하는 코로나십구 긴급경영 안정 자금지원 지원대상이 어떻게 되나요?	0	1
326	 농협에서 진행하는 코로나십구 긴급경영 안정 자금지원 지원 한도는 얼마인가요?	0	1
327	 농협에서 진행하는 코로나십구 긴급경영 안정 자금지원 지원 금리는 어떻게 되나요?	0	1
328	 농협에서 진행하는 코로나십구 긴급 경영 안정 자금 지원 상환조건은 어떻게 되나요?	0	1
329	농협에서 진행하는  코로나십구 긴급 경영 안정 자금 지원 지원절차는 어떻게 되나요?	0	1
330	 농협에서 진행하는 코로나십구 긴급 경영 안정 자금 지원 보증 요율은 어떻게 되나요?	0	1
331	 자가격리시 일을 못하는데 어떻게 하나요?	0	1
332	 지원금을 격리되는 사람은 모두 받을 수 있나요?	0	1
333	 취약노동자들은 어떤 기준으로 선정하나요?	0	1
334	 소상공인에 대한 코로나십구 금융지원 사업이 있나요?	0	1
335	 코로나십구 피해기업 긴급자금 지원은 뭔가요?	0	1
336	 코로나십구 피해기업 긴급자금 지원 신청은 어떻게 하나요?	0	1
337	 혹시 코로나십구 피해기업 긴급자금 지원를 시중은행협력자금에서는 얼마나 지원하나요?	0	1
338	 골목상권 일일구 긴급자금 지원이 뭔가요?	0	1
339	 청년특별구직 지원금을 받고 싶은데요	0	1
340	 청년특별구직 지원금을 얼마를 주시나요?	0	1
341	 제가 작은 기업을 운영중인데요 코로나 이차지원금이 있다고 하던데, 맞나요?	0	1
342	 코로나 이차지원금에 근로자수가 중요한가요?	0	1
343	 소상공인 지원상담은 누구에게 하면 되나요?	0	1
344	 소상공인 이차 재난지원금 신청은 언제부터 했죠?	0	1
345	 코로나 소상공인 지원금을 받으려면 조건이 있나요?	0	1
346	 올해 창업한 사업주도 코로나 소상공인 지원금을 받을 수 있나요?	0	1
347	 헌텅포차,주점,뷔페,방문판매업체,대형학원,노래연습장등 이런 곳들은 어떤 코로나 관련 지원을 받을 수 있나요?	0	1
348	 코로나로 인해 영업제한을 한 업종은 얼마 받나요?	0	1
349	 소상공인 이차 지원금은 어디서 신청가능 합니까?	0	1
350	 소상공인 이차 지원금은  두개의 사업체를 가지고 있으면 두군데 다 받을 수 있나요?	0	1
351	 소상공인 이차 지원금은 공동대표자가 운영할 경우 누구에게 지원금이 지급되나요?	0	1
352	 코로나로 인해 이미 페업한 소상공인도 지원받을 수 있나요?	0	1
353	 폐업 소상공인도 코로나 지원금 받으려면 어떤 서류가 필요할 까요?	0	1
354	 폐업한 소상공인의 재도전지원금도 있나요?	0	1
355	소상공인 어떤 새희망자금 지원금이 있을까요?	0	1
356	 신청은 어떻게 하는건가요?	0	1
357	 새희망자금 지원금 필요한건 뭔가요?	0	1
358	 개인 어떤 지원금이 있을까요?	0	1
359	긴급 고용안전 지원금으로 안내해주세요.	0	1
360	지원 금액이 어떻게 될까요?	0	1
361	 재도전장려금 어디에서 신청 가능할까요?	0	1
362	 재도전장려금 지원금이 얼만가요?	0	1
363	 십일월에 결혼식 올려도 되나요?	0	1
364	 혹시 실내 오십인 이상 집합 어기면 어떻게 될까요?	0	1
365	 방역수칙좀 알려주세요	0	1
366	 서울시에서 지역일자리 사업을 시작한다는 뉴스를 봤는데요	0	1
367	 고용유지지원금은 얼마인가요?	0	1
368	 지원은 누가 받을 수 있나요?	0	1
369	 그럼 신청은 어떻게 하는거죠?	0	1
370	 고용유지지원금은 예산초과해도 지급이 되는건가요?	0	1
371	 고용유지지원금은 선정기준이 어떻게 되는데요?	0	1
372	 해외로 마스크 보낼 수 있나요?	0	1
373	 해외로 마스크 몇 개 까지 되나요 지금?	0	1
374	 마스크 금액도 제한이 있나요?	0	1
375	 마스크 우체국에서 보낼 수 있는거죠?	0	1
376	 한강에 지금 통제된 구역이 있나요?	0	1
377	 주요밀집지역이 어디에요?	0	1
378	 한강내 주차장 이용도 제한이 있나요?	0	1
379	 대중교통에서 코로나 확진자 나온 통계 알 수 있나요?	0	1
380	 버스는 하루에 코로나 소독을 몇 번이나 하나요?	0	1
381	 버스정류장도 코로나 소독이 되나요?	0	1
382	 코로나 소독과정이나 일정이 나와있는 곳이 있을까요?	0	1
383	 코로나 방역지침상  편의점 운영중인데 야외테이블 운영은 언제까지 할 수 있나요?	0	1
384	 코로나 출입자 명부는 작성해야 할까요?	0	1
385	 코로나 지원금 신청하고 나면 문자가 온댔는데 안오는데요?	0	1
386	 코로나 지원금 지급 예정일이 언제인가요?	0	1
387	 제가 서울 시민인데 경기도에서 사업을 하면 서울시 코로나 자영업자 지원금  받지 못하나요?	0	1
388	 제가 청년수당 받고 있는데 코로나 지원금 받을 수 있나요?	0	1
389	 코로나 긴급생활 지원금 등록 후 접수완료 문자를 받은 상태인데 이렇게 기다리면 되는건가요?	0	1
390	 코로나 긴급생활 지원금 선불카드 수령은 어떻게하죠?	0	1
391	 코로나 지원금은 개인별로 지급되는거죠?	0	1
392	 코로나 지원금 가구별 지원이라는 건 가구당 한 명만 받을 수 있다는 건가요?	0	1
393	 그럼 엄마랑 제가 받을 수 있는 코로나 지원금은 없을까요?	0	1
394	  코로나 긴급생계지원비 세대주가 있고 저는 동거인으로 되어있는데 제가 대표로 신청 가능한가요?	0	1
395	 코로나 긴급생계지원비 인터넷접수는 어디서해요?	0	1
396	 제가 프리랜서인데 이번  코로나 지원금 대상인가요?	0	1
397	 코로나 지원금  신청은 어디에서 할 수 있어요?	0	1
398	 스캔이 어려운데 혹시 코로나 지원금  직접 제출할 수 있는 곳은 없을까요?	0	1
399	 해외에 있는 지인한테 마스크 보내도 되나요?	0	1
400	 제가 pc방 운영을 몇 달 째 못했는데 코로나 이차 지원금  신청할 수 있나요?	0	1
401	 그럼  희망자원금 얼마나 받을 수 있어요?	0	1
402	 고용안정지원금 신청 관련 질문이 있어서 전화했습니다. 이차 지원금은 일차 지원금 대상이랑 같나요?	0	1
403	 코로나 이점 오 단계에서 유치원 등원 가능한가요?	0	1
404	 마스크 착용 의무화되면 안쓴사람 신고하여 돈 받는 파파라치제도 있나요?	0	1
405	 마스크 미착용 벌금은 우리나라만 있는 건가요?	0	1
406	 친구한테 코로나 옮으면 손해배상 청구 가능한가요?	0	1
407	 코로나 확진자 수 몇명되면 일단계로 완화돼요?	0	1
408	 어제 확진자 백명 넘던데 왜 이단계예요?	0	1
409	 우리나라 코로나 삼단계 시행할까요?	0	1
410	 그러면 코로나 지원금 종류 뭐가 있나요?	0	1
411	 어린아이들이라고 코로나 안걸리는거 아닌데 왜 과태료 부과 안해요?	0	1
412	 노숙자들 코로나 관리 안하나요?	0	1
413	 코로나 상황인데 태권도 학원 가도 되나요?	0	1
414	 태권도 관장님이 체육관 소독은 잘 하고 계실까요?	0	1
415	 코로나 완화되면 대면 예배 드릴 수 있나요? 	0	1
416	 비대면 예배하고 교회관련 코로나 확진자 줄었나요? 	0	1
417	 손 씻는 거랑 손소독제 사용하는 거랑 감염을 낮추는 확률이 비슷한가요? 	0	1
418	 근데 인터넷에서 사려고 보니까 중국산 필터 사용하는게 있던데 사도 되나요? 	0	1
419	 근데 케이 에프 써있는건 무슨 의미예요? 	0	1
420	 그러면 일회용 마스크는 효과가 어때요? 	0	1
421	정부에서 어린이 지원금 주는거 있잖아요.	0	1
422	그런데 상사라 마스크 쓰셔야 한다고 말을 못하겠어요. 	0	1
423	 회사에서 따로 코로나 의무는 없는건가요? 	0	1
424	 코로나인데 피아노 학원 가도 되나요?	0	1
425	 코로나 거리두기 효과는 언제 나타나요? 	0	1
426	 친구들이 그러는데 청년특별구직지원금을 준다고 그러던에요?	0	1
427	 만약 저소득층이면 청년특별구직지원금을  얼마나 받나요?	0	1
428	 중학생들 재난지원금 준다고 나오던데	0	1
429	 비말감염이 뭔가요?	0	1
430	 추석이라고 시장에 사람들이 엄청 많은데 소독은 제대로 하고 있나?	0	1
431	 알바하는 곳에 확진자가 왔다가면 어떻게 되는거죠?	0	1
432	 자가격리 하는 사람이 배달 시켰는데 가도 됩니까?	0	1
433	 나라에서 노인네들 한데 지원해 주는것도 없고.	0	1
434	 사업하는 사람들 지원금은 없어요?	0	1
435	 자가격리 하면 돈을 못 버는데 어떻게 하나 해서요.	0	1
436	 돌봄 지원비 준다고 하던데요?	0	1
437	 독한 소독약이 사람들 몸에 묻으면 좋을게 있어요? 안 좋지?	0	1
438	 그럼 저는 소상공인인데 소상공인 지원금 받을 수 있나요?	0	1
439	 그럼 그냥 제 판단대로 소상공인 지원금 신청하면되나요?	0	1
440	 이번에 지급되는  이차 긴급코로나십구 관련 상담이 전국민에게 해당되나요?	0	1
441	 세종 사회적거리두기이단계언제 실행되나요?	0	1
442	 몇명이상 집합, 모임, 행사가 금지되나요?	0	1
443	 사회적 거리두기 이점 오단계  음식점 방역수칙에 대해 알려주세요	0	1
444	 추석 기차표를 예매하고 싶은데요 기차 방역은 잘되고있나요?	0	1
445	 코로나 발열체크는 하고 탑승하나요?	0	1
446	 열차내 손소독제는 배치되어 있나요?	0	1
447	 열차내 향균필름은 부착되어 있나요?	0	1
448	 청년특별취업지원금은 어디서 신청하나요?	0	1
449	 내일 키움 일자리금은 언제까지 주나요?	0	1
450	 내일 키움 일자리금 세가지 요건을 알려주세요 	0	1
451	 내일 키움 일자리금 금액은 어떻게 되나요?	0	1
452	 이차 긴급 고용안정지원금을 준다는데요 ?	0	1
453	소상공인 자엽업자 안내부탁드립니다.	0	1
454	 집합금지 업종은 뭔가요?	0	1
455	 소상공인 자엽업자 과세자료는 어디다 신청하나요?	0	1
456	 소상공인 자엽업자 지원금액은 다른가요?	0	1
457	 재창업관련 교육은 어디서 받나요?	0	1
458	 광주시 집합금지업종 재난 지원금 알려주세요	0	1
459	 증평군에 사는데요 코로나 십구 특별 피해업종 지원금이 있다고 들었어요	0	1
460	  긴급생계지원사업 위기가구는 어떤조건인가요?	0	1
461	 긴급생계지원사업을 어디에서 신청하면 되나요?	0	1
462	 생활방역을 위한 올바른 소독 방법을 알려주세요 	0	1
463	 소독  준비물 등은 무엇이 있나요?	0	1
464	 어린이집인데 코로나십구가 처음이라 어떻게 방역을 해야하는지 잘모르겠어요	0	1
465	 보육시간중에는 꼭 마스크를 착용해야 하나요?	0	1
466	 제가 버스를 이용을 하는데 방역이 잘되는지 궁금해요 	0	1
467	 환승정류장도 있고 손잡이도 많은데 모두 소독하나요?	0	1
468	 혹시라도 버스를 이용하다가  확진자와 동선이 겹쳐서 쉬게 되면 보상이 있나요?	0	1
469	 저희는 학원입니다 코로나십구 방역지침이 어떻게 되나요?	0	1
470	 혹시 방역지침을 어기면 어떻게 되나요?	0	1
471	 손세정제는 의무 배치인가요?	0	1
472	 학생 등원 하원시 코로나  기록은 어떻게 하나요?	0	1
473	 사회적 거리두기 이단계 음식점 방역수칙을 알려주세요 	0	1
474	 사회적 거리두기 이단계 실내 체육시설은 어떻게 되나요?	0	1
475	 저는 방과후 강사를 하고있습니다. 코로나 지원이 가능한가요?	0	1
476	 프리랜서 코로나 지원 필요한서류가 있나요?	0	1
477	 노무비미제공확인서는 어디서 뗄수 있나요?	0	1
478	 프리랜서 코로나 지원  신청은 어디서 하나요?	0	1
479	 프리랜서 코로나 지원 지원금은 얼마인가요?	0	1
480	 코로나 독서실, 스터디 카페는 갈 수 있나요?	0	1
481	 제가 이십 오세 청년인데 요  청년특별구직지원금아 나오나요?	0	1
482	 노인시설에 근무중인데 코로나 시기에  출퇴근은 어떻게 되요?	0	1
483	 코로나 고위험시설이 뭐죠?	0	1
484	네 코로나로 생활속 거리두기를 하라고 하는데 잘몰라서요	0	1
485	 소독은 개인별로 해야하나요?	0	1
486	 혹시 가구당 코로나로 지원해주는것은 없나요?	0	1
487	 아참 날이 더워서 에어컨을 켜고있어요 코로나 대비  창문은 어떻게 해야하나요?	0	1
488	 개인방역수칙요 그게 뭐죠?	0	1
489	 이차 재난지원금을 준다는데 국민모두주나요?	0	1
490	 소상공인 이차 재난 지원금은요?	0	1
491	 저소득층을 위한 재난지원금이 있나요?	0	1
492	 청년특별구직지원금이차 접수한다면서요?	0	1
493	 코로나 시기에 공원에서 입장은 어떻게 하나요?	0	1
494	 실내 환기나 소독은 몇번을 해야하나요?	0	1
495	산후조리원 코로나십구 방역수칙을 알려주세요	0	1
496	 긴급재난지원금 기부하고 싶어요 	0	1
497	 긴급재난지원금 기부후 어떤 혜택이 있나요?	0	1
498	 재난 지원금 대상인지 알고싶습니다. 혼자 살고 있어요.	0	1
499	에이차 재난지원금누구누구 받을 수 있나요?	0	1
500	제가  이차 재난지원금 대상이 맞는지 확인할 수 있나요?	0	1
501	 재난지원금 신청은 누가 할 수 있나요?	0	1
502	 지원금은 얼마씩 받나요?	0	1
503	 이번 재난지원금도 가족들 다 받을수 있는건가요?	0	1
504	 새희망자금이 뭔가요?	0	1
505	 매출 하락에 대한 판단은 뭘로하죠?	0	1
506	 유흥주점도 매출 하락시 새희망자금이 지원 받을 수 있나요?	0	1
507	 식당에서 출입명부 꼭 써야 하나요?	0	1
508	 이번에 출입명단 개인정보로 피해를 본 사람도 있지 않았나요?	0	1
509	 출입명단 폐기조치를 안지키는 업체들이 상당히 많은걸로 아는데 이를 불이행할시 어떤 조치를 받나요?	0	1
510	 그럼 명부를 거짓으로 작성하는것도 불이익이 있나요?	0	1
511	 다름아니라 기차에 확진자가 있으면 어떻게 하죠?	0	1
512	 제가 서울시 긴급재난지원금 신청과정을 보는중에 신청해서 받으면 추후 다시 재조사하여 소득이 다르면 환수한다고 나와있는데 사실인가요?	0	1
513	 현재 서울시 긴급재난지원금 정책 대상이 어떻게 되죠?	0	1
514	 국민 외식비 지원 주말에 외식하면 돈 주는 거였죠? 	0	1
515	 삼단계되면 모든 생활이 다 금지되나요?	0	1
516	 충청남도에서 긴급생활안정자금지원이 버스나 택시에 있다고 들었어요. 어떤건지 알려 주시겠어요? 	0	1
517	 그럼 긴급생활안정자금지원이 지원자격이나 대상은 누구인지 알수 있을까요?	0	1
518	 인천광역시 부평구에서 집단 감염시설에 대한 지원이 있나요?	0	1
519	 집단 감염시설에 대한 지원 제출서류 좀 알려주세요.	0	1
520	 외식업체 대상 운영 시설 자금 지원이 있는지 궁금합니다.	0	1
521	 외식업체 대상 운영자금 지원은 어떤 것이 있죠?	0	1
522	 시설자금의 지원내용은요?	0	1
523	 한부모가족 긴급생활안정자금 정부 코로나 지원 가능한가요?.	0	1
524	 저소득층이나 차상위계층을 위하여 지원내용을 알려주세요.	0	1
525	 일자리를 잃은 일용직 특수형태 고용종사제에게 광주 자치단체 주관으로 단기 일자리를 제공 해주나요?	0	1
526	 아동양육 지원이 있을까요?	0	1
527	 지원대상을 알려 주시겠어요?	0	1
528	 가족돌봄 비용 지원대상이 있는건가요?	0	1
529	 저소득층을 위한 초중고교생은 이비에스 디지털교과서 이 학습터 사인언스 올 등을 이용할때 데이터 무료지원이 된다고 들었는데 그게 맞나요?	0	1
530	 코로나 피해 기업에 대한 상시 지식재산관련상담이 가능한지 궁금합니다.	0	1
531	  코로나 피해 기업에 대한 상시 지식재산관련상담에 관한 소속기관이 어디인가요?	0	1
532	 지역 지식 재산 센터 연락처는 어떻게 되나요?	0	1
533	 노원구 어떤 지원이 있을까요?	0	1
534	  노원구 지원대상이 정확히 다중이용시설이라 함은 무슨업종인가요?	0	1
535	 학교 전문업체소독으로 방역을 마쳤나요?	0	1
536	 자가격리자와 같이 사는 학생이나 교사는 어떻게 되나요?	0	1
537	 혹시 학교에 확진자라도 나오면 어떻게 하나요?	0	1
538	 공기청정기나 에어컨은 가동하나요?	0	1
539	 불가피하게 운영하여야 할 경우에는 어떻게 해야하나요?	0	1
540	 학교방역관리 방안은 무엇인가요?	0	1
541	 개학전 학교가 준비해야할 방역관리 어떤것이 있는지요?	0	1
542	 거리두기를 어떻게 하면서 수업을 하죠? 체육은 서로 부딪힐수 밖에 없는데요?	0	1
543	 기저질환이나 장애를 가진 고위험군 학생은 어떻게 하나요?	0	1
544	 아동양육지원 한시지원 하는것이 있습니까?	0	1
545	 서울 서대문구에서 밥 만드는 지원이 있다고 들었는데 맞나요?	0	1
546	 다중이용시설의 계산대에서 계산 시 캐셔와 손님과 거리가 가까운데 어찌해야하나요?	0	1
547	 식당에서 대기 발생시 어떻게 해야하나요?	0	1
548	 방역조치 거부자에게 입원치료비 부담 및 과태료 부과도 시행되는거죠?	0	1
549	 다중이용시설이 무엇인가요?	0	1
550	 요새 노인복지시설에서 집단감염이 지속되어지고 있는데 방역지침이 있나요?	0	1
551	 실내 체육시설에서도 마스크를 써야 하나요?	0	1
552	 출입자 명부는 사업주인 제가 설치 해야하나요?	0	1
553	 제가 임업인인데요. 임업인 구규 생장량 대금을 면제 한다고 들었는데 맞나요?	0	1
554	  임업인 구규 생장량 대금을 면제 신청방법은 어떻게 되나요?	0	1
555	 화훼농가 피해지원자금이 있나요?	0	1
556	 코로나 십구건설 일용근로자 지원이 있나요?	0	1
557	 긴급생활안정자금 융자 지원이 어떤 내용인가요?	0	1
558	 경기도 용인에서 음식점을 합니다. 지원금액을 알 수 있을까요?	0	1
559	 이번에 행사를 개최하려 하는데 코로나 때문에 걱정이 되서요.	0	1
560	 방역지침에 대해 알려주실 수 있으신가요?	0	1
561	 장례식장 방역지침에 대해 알려주세요.	0	1
562	 친한 친구네 장례라 좀 오래있어줘야 할 것 같은데… 코로나라 가능할까요?	0	1
563	 방역관리자의 역할은 무엇인가요?	0	1
564	 그럼 위험도 평가는 언제 진행하는 것이 좋은가요?	0	1
565	 자연환기가 불가능한 경우, 공기청정기로 환기가 가능한가요?	0	1
566	 왜 환기를 해야하나요?	0	1
567	 방역지침만 잘 지키면 안전하겠죠?	0	1
568	제가 곧 출산을 앞두고 있는데 코로나 증상이 있는 것 같아서요.	0	1
569	괜히 제가 코로나 걸려서 아이도 걸리게 하는게 아닌지 걱정이네요.	0	1
570	 코로나로 도시가스 요금을 완화해준다는 이야기를 들었는데요?	0	1
571	 무료선제검사가 뭐죠?	0	1
572	 선별진료소에서 할 줄 알았는데 아니네요?	0	1
573	 곧 할로윈데이인데, 확진자들 많이 생길까봐 걱정되서요.  관련 행사들 못하게 막을 순 없는걸까요?	0	1
574	 어떤 식으로 방역관리를 강화하실거죠?	0	1
575	 행사장에서 방역지침을 어기면 어떻게 되죠?	0	1
576	 서울에서 집회가 가능할까요?	0	1
577	 천만 시민 멈춤구간이 뭐죠?	0	1
578	 확진자통계를 보고 싶은데 가능한가요?	0	1
579	 배달해야하는데 자가격리 집이래요. 어떻게 해요?	0	1
580	 확진자한테는 도시락이 제공되지 않나요?	0	1
581	 중위소득 어디서 확인할 수 있죠?	0	1
582	 확진자가 다녀간 사업장은 문을 닫나요?	0	1
583	 코로나 시기에 군인휴가가 금지라는데, 정말 인가요?	0	1
584	 이단계와 일단계는 어떤 차이가 있는지요? 기준이 알고 싶어요.	0	1
585	 같은부서에서 확진자 발생해서,  검사 받으라고 합니다. 대중교통 이용해서 선별검사도에 가도 되나요?	0	1
586	 제주도 관광지에서 특히 주의해야할 사항이 있나요?	0	1
587	 제주도에서 컨디션이 좋지 않아서 코로나 검사를 받고  확진되면, 제주도에서 치료 받아야 하나요?	0	1
588	 트럼프 대통령 부인인 멜라니아가 코로나에 걸렸는데, 이후 자연치유 되었다고 들었습니다. 정말인가요?	0	1
589	 코로나를 예방하는데 비타민 외에 도움되는 음식이 무엇이 있을까요?	0	1
590	 코로나블루라는 용어는 정확히 어떤뜻 인가요?	0	1
591	 코로나는 대체 언제쯤 종식될까요?	0	1
592	 두달뒤에 딸 결혼식이 예정되어 있습니다. 사회적거리두기이단계라 걱정이 많습니다. 결혼식을 예정대로 진행해도 될까요?	0	1
593	 안녕하세요. 사회적거리두기가 이 점  오단계일지라도 교습소나 학원은 계속 운영하던데, 그래도 되는 건가요?	0	1
594	 학원에서 확진자 발생시 어떻게 대처해야 하나요?	0	1
595	 어제 뉴스에서 부산 요양원 집단 감염 발생 소식을 들었습니다. 나이가 많으면 코로나에 걸리기 쉬운가요?	0	1
596	 대학생 자녀가 스터디카페에 가겠다고 합니다. 오늘부터 이점 오단계인데, 가도 될까요?	0	1
597	 학생들도 코로나로 인해 많이 우울해 하나요?	0	1
598	크린도서 대출과 드라이브스루 대출은 어떤점이 다른건가요? 알려주세요.	0	1
599	 코로나확산 때문에 케이 티 엑스는 옆자리를 비우고 예매 한다던데 맞나요?	0	1
600	 개인 차량을 이용해서 가족들과 친척집에 갈 예정입니다. 마스크 를 계속해서 착용해야 할까요? 착용기준이 있다면 알고 싶습니다.	0	1
601	 학교에서 마스크 착용하고 오랜시간 있어서 답답한데 보건용 마스크 꼭 착용 해야할까요?	0	1
602	이번달 수도요금 조회를 좀 하고싶은데, 어디서 확인할 수 있습니까?	0	2
603	아리수 사이트 주소가 어떻게 됩니까?	0	2
604	수도 요금 고객번호를 어떻게 알 수 있나요?	0	2
605	수도요금 납부 시간은 어떻게 됩니까?	0	2
606	수도 요금 납부 방법 알고싶습니다.	0	2
607	수도 요금을 납부할 때에 아무 은행이나 방문해도 됩니까?	0	2
608	수도요금을 자동이체 신청하면 혜택같은거 있습니까?	0	2
609	이사 정산 수도 요금을 좀 확인하려고 합니다. 	0	2
610	수도 요금의 기본요금이 얼마입니까? 	0	2
611	재건축으로 건물철거를 해서 이사를 가는데 수도 요금 정산은 어떻게 합니까?	0	2
612	수도요금이 평상시보다 너무 많이 나온 경우 구제방법이 없습니까?	0	2
613	수도요금 누수감액 신청 절차 좀 알려주시겠습니까?	0	2
614	수도요금 누수감액 증빙 서류는 어떤게 있습니까?	0	2
615	옥외누수는 어떻게 신고합니까?	0	2
616	누수 신고시 신고자한테 포상금 같은 보상이 있습니까?	0	2
617	옥내 누수는 주로 어떤 원인으로 발생합니까?	0	2
618	수질정보는 어디에서 얻을 수 있습니까?	0	2
619	수질 등급은 무엇이 있는지 알 수 있습니까?	0	2
620	수질 등급은 얼마나 자주 업데이트 되는지 알 수 있을까요? 	0	2
621	수도 계량기가 고장나서 교체하려고 합니다. 	0	2
622	수도 계량기 교체 비용은 어떻게 되나요? 	0	2
623	수도요금 소유자 명의 변경을 좀 하려고 합니다. 	0	2
624	수도요금 소유자 명의변경 처리부서가 어디입니까?	0	2
625	수도요금 전자고지를 신청하면 혜택 있습니까?	0	2
626	수도요금 결제일은 제가 정할 수 있습니까?	0	2
627	임시급수 보증금이란 무엇입니까?	0	2
628	임시급수 보증금은 어떻게 정산합니까?	0	2
629	역류방지밸브를 설치하는 이유가 무엇입니까?	0	2
630	수도 계량기 비교유량시험은 무엇입니까?	0	2
631	수질검사 신청은 어떻게 하면 됩니까?	0	2
632	수도가 얼어서 물이 안나옵니다. 	0	2
633	수도요금 월별 내역을 좀 확인하고 싶습니다. 	0	2
634	하수도 냄새가 왜 나는거에요?	0	2
635	하수도 냄새가 나면 어떤 조치가 이뤄지나요?	0	2
636	제가 서울시 국민 기초수급자인데 수도요금 할인이 되나요?	0	2
637	수도검침을 본인이 하면 요금 감면이 되나요?	0	2
638	상수도 요금도 누진제인가요?	0	2
639	집에서 녹물이 나오는 것 같아요.	0	2
640	녹물이 나오는데 어떻게 하죠?	0	2
641	낡은 수도관 교체를 정부에서 해준다는데 맞나요?	0	2
642	수도요금 월별 내역을 좀 확인하고 싶습니다. 	0	2
643	수도요금 고지서가 왔는데 제가 자동이체를 신청해놨거든요. 근데 이게 왜 온거죠?	0	2
644	수도가 얼어서 나오질 않아요 어디에 연락을 해야하나요?	0	2
645	수도 요금 고객번호는 어디서 확인할 수 있나요?	0	2
646	수도가 끊겼어요. 다시 연결하려고 합니다. 	0	2
647	수도 누수가 의심되는데 어떻게 해야되죠?	0	2
648	수도요금고지서 받는 주소도 변경가능하려면 어디로 전화해야 되나요?	0	2
649	이사하는데 수도 관련해서 신청할게 있을까요?	0	2
650	단수신청해놨다는데 다시 물나올려면 어떤 신청하면 되요?	0	2
651	저희 집 세탁실에 물이 안내려가고 있어요.	0	2
652	수도 요금 명의변경신청을 어떻게 해야하나요?	0	2
653	수도 요금 명의변경신청에 필요한 서류가 있나요?	0	2
654	수도 이용 부담금이 왜 필요한가요?	0	2
655	수도 이용 부담금이 어떻게 쓰이나요?	0	2
656	수도검침은 언제해요?	0	2
657	수도점검 며칠에 검침하세요?	0	2
658	임시급수 보증금이란 무엇인가요?	0	2
659	임시급수 보증금은 어떻게 정산하나요?	0	2
660	임시급수 보증금 정산에 필요한 제출 서류가 있나요?	0	2
661	역류방지밸브를 설치하는 이유가 무엇인가요?	0	2
662	수도요금 연체 시 독촉장은 언제 발부가 됩니까?	0	2
663	다자녀 혜택 중 수도세 할인이 있다고 하는데 맞나요?	0	2
664	수도요금 업종변경 신청하려고 합니다. 	0	2
665	물 수압이 너무 낮아서 문의 드려요	0	2
666	수도요금 바로 알림 서비스가 궁금합니다.	0	2
667	가정집에서 수도 요금도 누진세가 붙나요?	0	2
668	물 수질검사 신청 가능한가요?	0	2
669	수질검사 항목이 따로 있나요?	0	2
670	저희 건물도 저수조 수질검사 의무화 대상 건물인지 알 수 있나요?	0	2
671	보통 수도 요금 고지서는 언제 발송 하나요?	0	2
672	수도요금이 체납되어서 압류예고장이 왔어요. 	0	2
673	수돗물안심확인제가 있다고 한번 해보라 하던데 뭔가요?	0	2
674	급수중지 제도가 있다고 하던데요?	0	2
675	수도배관은 어떤 물이죠?	0	2
676	온수배관은 어떤 물이죠?	0	2
677	난방배관은 어떤 물이죠?	0	2
678	수돗물  일톤당 얼마정도 할까요?	0	2
679	국민 안심 수돗물 생산 정책을 알고 싶어요.	0	2
680	상수도현대화 사업이 무슨 사업인데요?	0	2
681	욕조에 물 받았는데 물 색깔이 파란데 청수현상인가요? 	0	2
682	먹는 물의 수질기준은 어떻게 정해지나요?	0	2
683	수질 허용 위해기준이 있나요?	0	2
684	수질의 표시기준이 뭔가요?	0	2
685	욕실과 주방 싱크대에서 내려가는 물은 어디로 가나요?	0	2
686	수돗물 마셔도 되나요?	0	2
687	백수현상이 무엇인가요?	0	2
688	설거지하고 나면 용기에 하얗게 자국이 남는데 왜 그렇죠?	0	2
689	유충으로 인한 수돗물 오염 우려는 없나요?	0	2
690	하수도원인자부담금이라는 말이 무슨 뜻인가요?	0	2
691	분류식 하수관은 뭔가요?	0	2
692	수도계량기 동파예방법을 알려주세요	0	2
693	상수도 급수공사를 신청하려는데 필요한 서류가 있나요? 	0	2
694	수돗물에서 소독약 냄새가 강한데 이유가 있을 까요?	0	2
695	수돗물에서 소독약 냄새를 없앨 수 있는 방법은 없나요?	0	2
696	분홍물때는 예방하려면 어떻게 해야하죠?	0	2
697	서울시에서 유충관련 어떻게 대응하고 계시나요?	0	2
698	수돗물 유충과 관련된 서울시상수도사업본부의 계획은 무엇인가요?	0	2
699	수도요금 인정조정이 뭔가요?	0	2
700	수도요금납부증명원이 필요합니다	0	2
701	수돗물에서 코로나 바이러스가 검출될 가능성이 있나요?	0	2
702	정수처분예고 고지서가 날라왔는데요. 이게 무엇인가요?	0	2
703	정수처분이 무엇을 말씀하시는 건가요?	0	2
704	물이 너무 안나오는데 원인이 먼가요?	0	2
705	서울시 누수감면 제도가 변경됐나요?	0	2
706	그렇다면 양변기에 대한 누수 예방법이 있나요?	0	2
707	서울특별시 하수도사용료 인상에 대하여 안내해주세요. 	0	2
708	수도요금 납부 연장은 아무때나 신청할수 있나요?	0	2
709	하수도 요금 처리가 어떻게 되는지 궁금해서요. 	0	2
710	요금이 좀 많이 나온거 같은데 할인방법이 없나요?	0	2
711	수돗물에서 소독냄새가 심한데 문제있는거죠?	0	2
712	수질검사 이차 검사 항목은 뭔가요?	0	2
713	수도요금을 신용카드로 납부할 수 있나요?	0	2
714	수도요금 납부 방법 중 편의점납부는 무엇인가요?	0	2
715	수도요금을 카카오페이로 납부 할 수 있나요?	0	2
716	수도 폐전 접수를 신청하려면 어떻게 해야 합니까.	0	2
717	수도요금 완납증명서는 어떻게 받을 수 있나요?	0	2
718	어제 공사하다가 수도 계량기가 파손되었는데, 무료로 수리 가능할까요?	0	2
719	실시간 수돗물 감시는 어떻게 이루어 지는 건가요?	0	2
720	주기적으로 수질정보를 확인하고 싶은데 어디서 확인하나요?	0	2
721	서울시 전체 야외음수대 위치도 알 수 있나요? 	0	2
722	수돗물에서 염소 냄새가 나도 먹어도 되나요?	0	2
723	저수조 청소와 검사를 소홀히 하면 어떻게 되나요?	0	2
724	수도법과 관련된 교육이 있나요?	0	2
725	수도법은 어디서 교육을 받나요?	0	2
726	저수조 청소는 얼마나 자주해야 합니까?	0	2
727	임시급수 신청하려고요.	0	2
728	임시급수 신청에 필요한 서류는 어떤게 있나요? 	0	2
729	화장실 청소를 하는데 분홍색 띠가 계속 생겨요. 	0	2
730	물에서 흙맛이 나요.	0	2
731	옥내,외의 누수구분은 어떻게 하나요?	0	2
732	근데 옥내 누수는 주로 어떤 원인으로 발생하나요?	0	2
733	임시급수 보증금이란게 뭐죠?	0	2
734	이번에 배수설비를 신청하려고 하는데 어떻게 하면 될까요? 	0	2
735	그렇다면 한강으로 들어오는 하수는 어떻게 처리 되나요?	0	2
736	한강이 마실 수 있는 물인지 알고 싶습니다.	0	2
737	한강 수질은 어떻게 유지하는 지도 알 수 있을까요?	0	2
738	한강에 들어오는 주된 오염 원인은 뭔가요?	0	2
739	한강에는 총 몇 개의 총인시설이 있나요?	0	2
740	하수도 요금이 어떻게 구성 되는지 궁금한데 알 수 있을까요?	0	2
741	물이용부담금은 무엇인가요?	0	2
742	수도요금에서 구경별이용금은 무엇인가요?	0	2
743	제가 하수도 요금을 미납했는데 처리가 어떻게 될 지 궁금해서요.	0	2
744	배수설비 준공검사 신청서를 작성하라는데 이게 무엇인가요?	0	2
745	그럼 그 배수설비 준공검사 신청서를 어디서 구할 수 있는지 알 수 있을까요?	0	2
746	고도정수처리 운영을 중단하면 맛이나 냄새나는것등 영향이 어떻게 되죠?	0	2
747	수돗물 유충은 왜 발생한거죠?	0	2
748	옥내 누수는 어디서 새는지 알 수 없을 때, 수도사업소에서 진단을 해주시나요?	0	2
749	임시급수 보증금 정산방법은 어떻게 되죠?	0	2
750	수돗물을 끓였는데 하얀 자국이 남네요.	0	2
751	수도관 내부세척을 어떻게 해요?	0	2
752	수도요금을 절약할 수 있는 방법에 대한 교육도 있나요?	0	2
753	하수랑 오수랑 구분할 수 있나요?	0	2
754	국가유공자 이신데 수도요금도 감면 혜택이 있다고 해서요.	0	2
755	서울시는 보통 수돗물의 염소농도는 얼마나 되죠?	0	2
756	혹시 소독약 냄새 없애는 방법있을까요?	0	2
757	급수 해제신고하면 처리 하는데 얼마나 걸리나요?	0	2
758	수도 누수 확인하는 방법 좀 알려주세요.	0	2
759	다가구인데 수도요금이 많이 나오는데 무슨 방법이 없나요?	0	2
760	수도 자가검침이 뭔가요?	0	2
761	공동수도가 있는 빌라의 경우 수도요금은 어떻게 산정되나요?	0	2
762	수도 금액 누수감액 적용 범위는 어디까지인가요?	0	2
763	수도요금 세대분할 제도가 뭔가요?	0	2
764	가구분할신청시 필요한 서류가 뭔가요?	0	2
765	가구 분할 신청절차는요?	0	2
766	수도요금 고지서에 적힌 수용가번호는 뭔가요?	0	2
767	수도 요금 고지서의 수전번호는요?	0	2
768	수도 요금 고지서의 배제방식은 뭔가요?	0	2
769	수도 요금 고지서의 구경은 뭔가요?	0	2
770	수도 요금 고지서의 계량기설치비는요?	0	2
771	수도 요금 고지서에 과태료도 부과되요?	0	2
772	저주조 인허가 관련해서 검사를 받을 수 있나요?	0	2
773	저주조 인허가 검사는 어떻게 접수하죠?	0	2
774	시료채수는 어떻게 이뤄지나요?	0	2
775	지금 지하수로 음용수를 쓰고 있는데 검사를 받아야 하나요?	0	2
776	지금 지하수를 생활용수로 쓰고 있는데 검사를 받아야 하나요?	0	2
777	잔액이 부족하면 수도요금은 어떻게 처리되나요?	0	2
778	물에서 곰팡내와 흙맛이 느껴지는데 왜 그런가요?	0	2
779	그럼 서울시는 지금 이런 냄새물질에 대응하기 위해 어떤 노력을 하고 있나요?	0	2
780	긴급상황문자알림서비스가 뭐예요?	0	2
781	요금조정심의를 받을 예정인데 구비 서류가 있나요?	0	2
782	업종을 변경하고 싶은데 어떻게 해야하나요? 	0	2
783	청계천 개방화장실 감면이 있다고 들어서요	0	2
784	청계천 개방화장실을 운영하고 있는 건물은 누가 관리하나요?	0	2
785	개방화장실 사용내용은 어떻게 알수있나요?	0	2
786	수도요금은 가정용과 일반용이 다른가요?	0	2
787	저수조 청소는 언제 하면 좋은가요?	0	2
788	저수조 청소는 어떻게 하면 되나요?	0	2
789	서울시 수도요금은 얼마인지 알 수 있을까요?	0	2
790	수도요금이 서울이 다른 곳에 비해 저렴 이유가 뭔가요?	0	2
791	누수로 인해 도로에 구멍이 생긴것 같은데 어디에 신고를 해야 하나요?	0	2
792	저희 집에 누수가 있는 것 같은데 어떻게 하면 될까요?	0	2
793	수도법 관련 교육은 어디서 받는 건가요?	0	2
794	하수도원인자부담금이라는 것이 있다고 들었는데 그게 뭔가요?	0	2
795	아리수의 수질 검사는 어떤 기준에 맞추어 이루어지나요?	0	2
796	수도요금 고지서에서 인정조정이라는 것이 뭐지요?	0	2
797	수도 계량기는 보통 영하 몇도 일때 동파할 위험이 높은가요?	0	2
798	그럼 수도계량기가 동파하는 것을 막기 위해 뭘 준비해야 하나요?	0	2
799	수돗물 색이 붉은색이예요.	0	2
800	수도요금이 인상되나요? 	0	2
801	수도 계량기 볼줄 모르는데 수치는 어디 있는거에요?	0	2
802	아리수 수질검사 요청을 하면 구체적으로 어떻게 검사를 해주시나요?	0	2
803	수질 검사 시간은 어느정도 소요되나요?	0	2
804	아리수를 집에서도 병에 담아 냉장고에 넣고 마셔도 괜찮을까요? 	0	2
805	수압이 너무 쎈데 뭐가 문제죠?	0	2
806	수도 계량기 동파는 교체하는데 얼마나 걸려요?	0	2
807	정수처분예고 고지서가 뭔가요?	0	2
808	정수처분 중에 임의로 사용하면 어떻게 되는 건가요?	0	2
809	정수처분 해제신청 하고싶습니다.	0	2
810	수도요금 전자고지에 대해서 문의드립니다.	0	2
811	계량기 위치를 바꾸고 싶은데 가능한가요?	0	2
812	그럼 이설공사까지 수도사업소에서 해주시는거 맞을까요?	0	2
813	무단으로 이설하면 안되는 거겠죠?	0	2
814	수도계량기 검정을 나왔다는데 왜 나온겁니까?	0	2
815	누수지점을 못찾을 것 같아요. 방법이 없을까요?	0	2
816	수도요금고지서 받는 주소도 변경가능합니까?	0	2
817	수도요금 연체금일할계산제도는 뭔가요?	0	2
818	수도요금 가산금은 왜 나오는 건가요?	0	2
819	수도요금 선납을 못하면 연체일수가 계속 쌓이는거 아닌가요?	0	2
820	단수가 되서 물이 안나오는데 불편해서요.	0	2
821	수도 계량기 철거를 신청하고 철거까지는 얼마나 걸리는 건가요?	0	2
822	화장실에서 냄새가 너무 많이 나는데 이유가 뭘까요? 	0	2
823	수도를 가정용과 영업용 같이 쓰고 있어요. 	0	2
824	수도를 가정용과 영업용 같이 쓸때 요금을 경감하는 방법 없을까요? 	0	2
825	수도요금을 왜 한달에 한번씩 내는 건데요? 	0	2
826	급수 중지 시키면 수도 요금 안내는 거 맞죠? 	0	2
827	급수 정지 신청은 어디에다가 해요? 	0	2
828	급수 정지 신청하고 급수중지 승인은 언제쯤 되나요? 	0	2
829	급수 정시 신청을 위해 준비해야 할 서류는 무엇인가요? 	0	2
830	급수 중지 기간은 어느 정도인가요? 	0	2
831	급수 중지 기간은 사유가 있으면 연장 가능한가요? 	0	2
832	수도 개전할 때 수수료가 있나요? 	0	2
833	하수도 악취 때문에 너무 힘들어요. 	0	2
834	하수도 트랩이 뭐예요? 	0	2
835	물을 안쓰는데도 계량기가 돌아가는데 정상인가요? 	0	2
836	물을 안쓰는데 계량기가 돌아갈 수도 있나요? 	0	2
837	직결 급수 공사 비용은 얼마나 드나요? 	0	2
838	소형 물탱크 철거 비용은요? 	0	2
839	상하수도요금의 요금업종 관련해서 물어볼께요,	0	2
840	가정용 수도요금 감면항목이 있다고 들어서요. 	0	2
841	직결급수가 무엇인가요?	0	2
842	물탱크는 왜 사용했나요?	0	2
843	직결급수를 하는 이유는 뭔가요?	0	2
844	제가 지금 서울에서 임대사업을 하는데 여기까지 아리수가 어떤 공급경로로 들어오죠?	0	2
845	수도세 낼라구 하는데 이거 다른사람이름으로 가상계좌 입금해도 됩니까?	0	2
846	저희집 수돗물에서 비린내가 나는것 같은데 이유가 뭘까요?	0	2
847	물을 아무리 세게 틀어도 물이 적게 나오는 같은데 이유가 뭘까요?	0	2
848	구경확대공사를 하려고 하는데요 어떻게 신청해야 하나요?	0	2
849	수도요금 자동납부 해지 하려구 하는데요.	0	2
